#Frame_Number,qw,qx,qy,qz,tx,ty,tz,fx,k1,k2,k3,p1,p2,cx,cy,fy,Scale
0.0,0.5,0.5,0.5,0.5,0.0,0.0,0.0,512.0000000000001,0.0,0.0,0.0,0.0,0.0,512.0,512.0,512.0000000000001,0.1643
1.0,0.5,0.5,0.5,0.5,0.0,0.0,0.0,512.0000000000001,0.0,0.0,0.0,0.0,0.0,512.0,512.0,512.0000000000001,0.1643
2.0,0.5,0.5,0.5,0.5,0.0,0.0,0.0,512.0000000000001,0.0,0.0,0.0,0.0,0.0,512.0,512.0,512.0000000000001,0.1643
3.0,0.5,0.5,0.5,0.5,0.0,0.0,0.0,512.0000000000001,0.0,0.0,0.0,0.0,0.0,512.0,512.0,512.0000000000001,0.1643
4.0,0.5,0.5,0.5,0.5,0.0,0.0,0.0,512.0000000000001,0.0,0.0,0.0,0.0,0.0,512.0,512.0,512.0000000000001,0.1643
5.0,0.5,0.5,0.5,0.5,0.0,0.0,0.0,512.0000000000001,0.0,0.0,0.0,0.0,0.0,512.0,512.0,512.0000000000001,0.1643
6.0,0.5,0.5,0.5,0.5,0.0,0.0,0.0,512.0000000000001,0.0,0.0,0.0,0.0,0.0,512.0,512.0,512.0000000000001,0.1643
7.0,0.5,0.5,0.5,0.5,0.0,0.0,0.0,512.0000000000001,0.0,0.0,0.0,0.0,0.0,512.0,512.0,512.0000000000001,0.1643
8.0,0.5,0.5,0.5,0.5,0.0,0.0,0.0,512.0000000000001,0.0,0.0,0.0,0.0,0.0,512.0,512.0,512.0000000000001,0.1643
9.0,0.5,0.5,0.5,0.5,0.0,0.0,0.0,512.0000000000001,0.0,0.0,0.0,0.0,0.0,512.0,512.0,512.0000000000001,0.1643
10.0,0.5,0.5,0.5,0.5,0.0,0.0,0.0,512.0000000000001,0.0,0.0,0.0,0.0,0.0,512.0,512.0,512.0000000000001,0.1643
11.0,0.5,0.5,0.5,0.5,0.0,0.0,0.0,512.0000000000001,0.0,0.0,0.0,0.0,0.0,512.0,512.0,512.0000000000001,0.1643
12.0,0.5,0.5,0.5,0.5,0.0,0.0,0.0,512.0000000000001,0.0,0.0,0.0,0.0,0.0,512.0,512.0,512.0000000000001,0.1643
13.0,0.5,0.5,0.5,0.5,0.0,0.0,0.0,512.0000000000001,0.0,0.0,0.0,0.0,0.0,512.0,512.0,512.0000000000001,0.1643
14.0,0.5,0.5,0.5,0.5,0.0,0.0,0.0,512.0000000000001,0.0,0.0,0.0,0.0,0.0,512.0,512.0,512.0000000000001,0.1643
15.0,0.5,0.5,0.5,0.5,0.0,0.0,0.0,512.0000000000001,0.0,0.0,0.0,0.0,0.0,512.0,512.0,512.0000000000001,0.1643
16.0,0.5,0.5,0.5,0.5,0.0,0.0,0.0,512.0000000000001,0.0,0.0,0.0,0.0,0.0,512.0,512.0,512.0000000000001,0.1643
17.0,0.5,0.5,0.5,0.5,0.0,0.0,0.0,512.0000000000001,0.0,0.0,0.0,0.0,0.0,512.0,512.0,512.0000000000001,0.1643
18.0,0.5,0.5,0.5,0.5,0.0,0.0,0.0,512.0000000000001,0.0,0.0,0.0,0.0,0.0,512.0,512.0,512.0000000000001,0.1643
19.0,0.5,0.5,0.5,0.5,0.0,0.0,0.0,512.0000000000001,0.0,0.0,0.0,0.0,0.0,512.0,512.0,512.0000000000001,0.1643
20.0,0.5,0.5,0.5,0.5,0.0,0.0,0.0,512.0000000000001,0.0,0.0,0.0,0.0,0.0,512.0,512.0,512.0000000000001,0.1643
21.0,0.5,0.5,0.5,0.5,0.0,0.0,0.0,512.0000000000001,0.0,0.0,0.0,0.0,0.0,512.0,512.0,512.0000000000001,0.1643
22.0,0.5,0.5,0.5,0.5,0.0,0.0,0.0,512.0000000000001,0.0,0.0,0.0,0.0,0.0,512.0,512.0,512.0000000000001,0.1643
23.0,0.5,0.5,0.5,0.5,0.0,0.0,0.0,512.0000000000001,0.0,0.0,0.0,0.0,0.0,512.0,512.0,512.0000000000001,0.1643
24.0,0.5,0.5,0.5,0.5,0.0,0.0,0.0,512.0000000000001,0.0,0.0,0.0,0.0,0.0,512.0,512.0,512.0000000000001,0.1643
25.0,0.5,0.5,0.5,0.5,0.0,0.0,0.0,512.0000000000001,0.0,0.0,0.0,0.0,0.0,512.0,512.0,512.0000000000001,0.1643
26.0,0.5,0.5,0.5,0.5,0.0,0.0,0.0,512.0000000000001,0.0,0.0,0.0,0.0,0.0,512.0,512.0,512.0000000000001,0.1643
27.0,0.5,0.5,0.5,0.5,0.0,0.0,0.0,512.0000000000001,0.0,0.0,0.0,0.0,0.0,512.0,512.0,512.0000000000001,0.1643
28.0,0.5,0.5,0.5,0.5,0.0,0.0,0.0,512.0000000000001,0.0,0.0,0.0,0.0,0.0,512.0,512.0,512.0000000000001,0.1643
29.0,0.5,0.5,0.5,0.5,0.0,0.0,0.0,512.0000000000001,0.0,0.0,0.0,0.0,0.0,512.0,512.0,512.0000000000001,0.1643
30.0,0.5,0.5,0.5,0.5,0.0,0.0,0.0,512.0000000000001,0.0,0.0,0.0,0.0,0.0,512.0,512.0,512.0000000000001,0.1643
31.0,0.5,0.5,0.5,0.5,0.0,0.0,0.0,512.0000000000001,0.0,0.0,0.0,0.0,0.0,512.0,512.0,512.0000000000001,0.1643
32.0,0.5,0.5,0.5,0.5,0.0,0.0,0.0,512.0000000000001,0.0,0.0,0.0,0.0,0.0,512.0,512.0,512.0000000000001,0.1643
33.0,0.5,0.5,0.5,0.5,0.0,0.0,0.0,512.0000000000001,0.0,0.0,0.0,0.0,0.0,512.0,512.0,512.0000000000001,0.1643
34.0,0.5,0.5,0.5,0.5,0.0,0.0,0.0,512.0000000000001,0.0,0.0,0.0,0.0,0.0,512.0,512.0,512.0000000000001,0.1643
35.0,0.5,0.5,0.5,0.5,0.0,0.0,0.0,512.0000000000001,0.0,0.0,0.0,0.0,0.0,512.0,512.0,512.0000000000001,0.1643
36.0,0.5,0.5,0.5,0.5,0.0,0.0,0.0,512.0000000000001,0.0,0.0,0.0,0.0,0.0,512.0,512.0,512.0000000000001,0.1643
37.0,0.5,0.5,0.5,0.5,0.0,0.0,0.0,512.0000000000001,0.0,0.0,0.0,0.0,0.0,512.0,512.0,512.0000000000001,0.1643
38.0,0.5,0.5,0.5,0.5,0.0,0.0,0.0,512.0000000000001,0.0,0.0,0.0,0.0,0.0,512.0,512.0,512.0000000000001,0.1643
39.0,0.5,0.5,0.5,0.5,0.0,0.0,0.0,512.0000000000001,0.0,0.0,0.0,0.0,0.0,512.0,512.0,512.0000000000001,0.1643
40.0,0.5,0.5,0.5,0.5,0.0,0.0,0.0,512.0000000000001,0.0,0.0,0.0,0.0,0.0,512.0,512.0,512.0000000000001,0.1643
41.0,0.5,0.5,0.5,0.5,0.0,0.0,0.0,512.0000000000001,0.0,0.0,0.0,0.0,0.0,512.0,512.0,512.0000000000001,0.1643
42.0,0.5,0.5,0.5,0.5,0.0,0.0,0.0,512.0000000000001,0.0,0.0,0.0,0.0,0.0,512.0,512.0,512.0000000000001,0.1643
43.0,0.5,0.5,0.5,0.5,0.0,0.0,0.0,512.0000000000001,0.0,0.0,0.0,0.0,0.0,512.0,512.0,512.0000000000001,0.1643
44.0,0.5,0.5,0.5,0.5,0.0,0.0,0.0,512.0000000000001,0.0,0.0,0.0,0.0,0.0,512.0,512.0,512.0000000000001,0.1643
45.0,0.5,0.5,0.5,0.5,0.0,0.0,0.0,512.0000000000001,0.0,0.0,0.0,0.0,0.0,512.0,512.0,512.0000000000001,0.1643
46.0,0.5,0.5,0.5,0.5,0.0,0.0,0.0,512.0000000000001,0.0,0.0,0.0,0.0,0.0,512.0,512.0,512.0000000000001,0.1643
47.0,0.5,0.5,0.5,0.5,0.0,0.0,0.0,512.0000000000001,0.0,0.0,0.0,0.0,0.0,512.0,512.0,512.0000000000001,0.1643
48.0,0.5,0.5,0.5,0.5,0.0,0.0,0.0,512.0000000000001,0.0,0.0,0.0,0.0,0.0,512.0,512.0,512.0000000000001,0.1643
49.0,0.5,0.5,0.5,0.5,0.0,0.0,0.0,512.0000000000001,0.0,0.0,0.0,0.0,0.0,512.0,512.0,512.0000000000001,0.1643
50.0,0.5,0.5,0.5,0.5,0.0,0.0,0.0,512.0000000000001,0.0,0.0,0.0,0.0,0.0,512.0,512.0,512.0000000000001,0.1643
51.0,0.5,0.5,0.5,0.5,0.0,0.0,0.0,512.0000000000001,0.0,0.0,0.0,0.0,0.0,512.0,512.0,512.0000000000001,0.1643
52.0,0.5,0.5,0.5,0.5,0.0,0.0,0.0,512.0000000000001,0.0,0.0,0.0,0.0,0.0,512.0,512.0,512.0000000000001,0.1643
53.0,0.5,0.5,0.5,0.5,0.0,0.0,0.0,512.0000000000001,0.0,0.0,0.0,0.0,0.0,512.0,512.0,512.0000000000001,0.1643
54.0,0.5,0.5,0.5,0.5,0.0,0.0,0.0,512.0000000000001,0.0,0.0,0.0,0.0,0.0,512.0,512.0,512.0000000000001,0.1643
55.0,0.5,0.5,0.5,0.5,0.0,0.0,0.0,512.0000000000001,0.0,0.0,0.0,0.0,0.0,512.0,512.0,512.0000000000001,0.1643
56.0,0.5,0.5,0.5,0.5,0.0,0.0,0.0,512.0000000000001,0.0,0.0,0.0,0.0,0.0,512.0,512.0,512.0000000000001,0.1643
57.0,0.5,0.5,0.5,0.5,0.0,0.0,0.0,512.0000000000001,0.0,0.0,0.0,0.0,0.0,512.0,512.0,512.0000000000001,0.1643
58.0,0.5,0.5,0.5,0.5,0.0,0.0,0.0,512.0000000000001,0.0,0.0,0.0,0.0,0.0,512.0,512.0,512.0000000000001,0.1643
59.0,0.5,0.5,0.5,0.5,0.0,0.0,0.0,512.0000000000001,0.0,0.0,0.0,0.0,0.0,512.0,512.0,512.0000000000001,0.1643
60.0,0.5,0.5,0.5,0.5,0.0,0.0,0.0,512.0000000000001,0.0,0.0,0.0,0.0,0.0,512.0,512.0,512.0000000000001,0.1643
61.0,0.5,0.5,0.5,0.5,0.0,0.0,0.0,512.0000000000001,0.0,0.0,0.0,0.0,0.0,512.0,512.0,512.0000000000001,0.1643
62.0,0.5,0.5,0.5,0.5,0.0,0.0,0.0,512.0000000000001,0.0,0.0,0.0,0.0,0.0,512.0,512.0,512.0000000000001,0.1643
63.0,0.5,0.5,0.5,0.5,0.0,0.0,0.0,512.0000000000001,0.0,0.0,0.0,0.0,0.0,512.0,512.0,512.0000000000001,0.1643
64.0,0.5,0.5,0.5,0.5,0.0,0.0,0.0,512.0000000000001,0.0,0.0,0.0,0.0,0.0,512.0,512.0,512.0000000000001,0.1643
65.0,0.5,0.5,0.5,0.5,0.0,0.0,0.0,512.0000000000001,0.0,0.0,0.0,0.0,0.0,512.0,512.0,512.0000000000001,0.1643
66.0,0.5,0.5,0.5,0.5,0.0,0.0,0.0,512.0000000000001,0.0,0.0,0.0,0.0,0.0,512.0,512.0,512.0000000000001,0.1643
67.0,0.5,0.5,0.5,0.5,0.0,0.0,0.0,512.0000000000001,0.0,0.0,0.0,0.0,0.0,512.0,512.0,512.0000000000001,0.1643
68.0,0.5,0.5,0.5,0.5,0.0,0.0,0.0,512.0000000000001,0.0,0.0,0.0,0.0,0.0,512.0,512.0,512.0000000000001,0.1643
69.0,0.5,0.5,0.5,0.5,0.0,0.0,0.0,512.0000000000001,0.0,0.0,0.0,0.0,0.0,512.0,512.0,512.0000000000001,0.1643
70.0,0.5,0.5,0.5,0.5,0.0,0.0,0.0,512.0000000000001,0.0,0.0,0.0,0.0,0.0,512.0,512.0,512.0000000000001,0.1643
71.0,0.5,0.5,0.5,0.5,0.0,0.0,0.0,512.0000000000001,0.0,0.0,0.0,0.0,0.0,512.0,512.0,512.0000000000001,0.1643
72.0,0.5,0.5,0.5,0.5,0.0,0.0,0.0,512.0000000000001,0.0,0.0,0.0,0.0,0.0,512.0,512.0,512.0000000000001,0.1643
73.0,0.5,0.5,0.5,0.5,0.0,0.0,0.0,512.0000000000001,0.0,0.0,0.0,0.0,0.0,512.0,512.0,512.0000000000001,0.1643
74.0,0.5,0.5,0.5,0.5,0.0,0.0,0.0,512.0000000000001,0.0,0.0,0.0,0.0,0.0,512.0,512.0,512.0000000000001,0.1643
75.0,0.5,0.5,0.5,0.5,0.0,0.0,0.0,512.0000000000001,0.0,0.0,0.0,0.0,0.0,512.0,512.0,512.0000000000001,0.1643
76.0,0.5,0.5,0.5,0.5,0.0,0.0,0.0,512.0000000000001,0.0,0.0,0.0,0.0,0.0,512.0,512.0,512.0000000000001,0.1643
77.0,0.5,0.5,0.5,0.5,0.0,0.0,0.0,512.0000000000001,0.0,0.0,0.0,0.0,0.0,512.0,512.0,512.0000000000001,0.1643
78.0,0.5,0.5,0.5,0.5,0.0,0.0,0.0,512.0000000000001,0.0,0.0,0.0,0.0,0.0,512.0,512.0,512.0000000000001,0.1643
79.0,0.5,0.5,0.5,0.5,0.0,0.0,0.0,512.0000000000001,0.0,0.0,0.0,0.0,0.0,512.0,512.0,512.0000000000001,0.1643
80.0,0.5,0.5,0.5,0.5,0.0,0.0,0.0,512.0000000000001,0.0,0.0,0.0,0.0,0.0,512.0,512.0,512.0000000000001,0.1643
81.0,0.5,0.5,0.5,0.5,0.0,0.0,0.0,512.0000000000001,0.0,0.0,0.0,0.0,0.0,512.0,512.0,512.0000000000001,0.1643
82.0,0.5,0.5,0.5,0.5,0.0,0.0,0.0,512.0000000000001,0.0,0.0,0.0,0.0,0.0,512.0,512.0,512.0000000000001,0.1643
83.0,0.5,0.5,0.5,0.5,0.0,0.0,0.0,512.0000000000001,0.0,0.0,0.0,0.0,0.0,512.0,512.0,512.0000000000001,0.1643
84.0,0.5,0.5,0.5,0.5,0.0,0.0,0.0,512.0000000000001,0.0,0.0,0.0,0.0,0.0,512.0,512.0,512.0000000000001,0.1643
85.0,0.5,0.5,0.5,0.5,0.0,0.0,0.0,512.0000000000001,0.0,0.0,0.0,0.0,0.0,512.0,512.0,512.0000000000001,0.1643
86.0,0.5,0.5,0.5,0.5,0.0,0.0,0.0,512.0000000000001,0.0,0.0,0.0,0.0,0.0,512.0,512.0,512.0000000000001,0.1643
87.0,0.5,0.5,0.5,0.5,0.0,0.0,0.0,512.0000000000001,0.0,0.0,0.0,0.0,0.0,512.0,512.0,512.0000000000001,0.1643
88.0,0.5,0.5,0.5,0.5,0.0,0.0,0.0,512.0000000000001,0.0,0.0,0.0,0.0,0.0,512.0,512.0,512.0000000000001,0.1643
89.0,0.5,0.5,0.5,0.5,0.0,0.0,0.0,512.0000000000001,0.0,0.0,0.0,0.0,0.0,512.0,512.0,512.0000000000001,0.1643
90.0,0.5,0.5,0.5,0.5,0.0,0.0,0.0,512.0000000000001,0.0,0.0,0.0,0.0,0.0,512.0,512.0,512.0000000000001,0.1643
91.0,0.5,0.5,0.5,0.5,0.0,0.0,0.0,512.0000000000001,0.0,0.0,0.0,0.0,0.0,512.0,512.0,512.0000000000001,0.1643
92.0,0.5,0.5,0.5,0.5,0.0,0.0,0.0,512.0000000000001,0.0,0.0,0.0,0.0,0.0,512.0,512.0,512.0000000000001,0.1643
93.0,0.5,0.5,0.5,0.5,0.0,0.0,0.0,512.0000000000001,0.0,0.0,0.0,0.0,0.0,512.0,512.0,512.0000000000001,0.1643
94.0,0.5,0.5,0.5,0.5,0.0,0.0,0.0,512.0000000000001,0.0,0.0,0.0,0.0,0.0,512.0,512.0,512.0000000000001,0.1643
95.0,0.5,0.5,0.5,0.5,0.0,0.0,0.0,512.0000000000001,0.0,0.0,0.0,0.0,0.0,512.0,512.0,512.0000000000001,0.1643
96.0,0.5,0.5,0.5,0.5,0.0,0.0,0.0,512.0000000000001,0.0,0.0,0.0,0.0,0.0,512.0,512.0,512.0000000000001,0.1643
97.0,0.5,0.5,0.5,0.5,0.0,0.0,0.0,512.0000000000001,0.0,0.0,0.0,0.0,0.0,512.0,512.0,512.0000000000001,0.1643
98.0,0.5,0.5,0.5,0.5,0.0,0.0,0.0,512.0000000000001,0.0,0.0,0.0,0.0,0.0,512.0,512.0,512.0000000000001,0.1643
99.0,0.5,0.5,0.5,0.5,0.0,0.0,0.0,512.0000000000001,0.0,0.0,0.0,0.0,0.0,512.0,512.0,512.0000000000001,0.1643
100.0,0.5,0.5,0.5,0.5,0.0,0.0,0.0,512.0000000000001,0.0,0.0,0.0,0.0,0.0,512.0,512.0,512.0000000000001,0.1643
101.0,0.5,0.5,0.5,0.5,0.0,0.0,0.0,512.0000000000001,0.0,0.0,0.0,0.0,0.0,512.0,512.0,512.0000000000001,0.1643
102.0,0.5,0.5,0.5,0.5,0.0,0.0,0.0,512.0000000000001,0.0,0.0,0.0,0.0,0.0,512.0,512.0,512.0000000000001,0.1643
103.0,0.5,0.5,0.5,0.5,0.0,0.0,0.0,512.0000000000001,0.0,0.0,0.0,0.0,0.0,512.0,512.0,512.0000000000001,0.1643
104.0,0.5,0.5,0.5,0.5,0.0,0.0,0.0,512.0000000000001,0.0,0.0,0.0,0.0,0.0,512.0,512.0,512.0000000000001,0.1643
105.0,0.5,0.5,0.5,0.5,0.0,0.0,0.0,512.0000000000001,0.0,0.0,0.0,0.0,0.0,512.0,512.0,512.0000000000001,0.1643
106.0,0.5,0.5,0.5,0.5,0.0,0.0,0.0,512.0000000000001,0.0,0.0,0.0,0.0,0.0,512.0,512.0,512.0000000000001,0.1643
107.0,0.5,0.5,0.5,0.5,0.0,0.0,0.0,512.0000000000001,0.0,0.0,0.0,0.0,0.0,512.0,512.0,512.0000000000001,0.1643
108.0,0.5,0.5,0.5,0.5,0.0,0.0,0.0,512.0000000000001,0.0,0.0,0.0,0.0,0.0,512.0,512.0,512.0000000000001,0.1643
109.0,0.5,0.5,0.5,0.5,0.0,0.0,0.0,512.0000000000001,0.0,0.0,0.0,0.0,0.0,512.0,512.0,512.0000000000001,0.1643
110.0,0.5,0.5,0.5,0.5,0.0,0.0,0.0,512.0000000000001,0.0,0.0,0.0,0.0,0.0,512.0,512.0,512.0000000000001,0.1643
111.0,0.5,0.5,0.5,0.5,0.0,0.0,0.0,512.0000000000001,0.0,0.0,0.0,0.0,0.0,512.0,512.0,512.0000000000001,0.1643
112.0,0.5,0.5,0.5,0.5,0.0,0.0,0.0,512.0000000000001,0.0,0.0,0.0,0.0,0.0,512.0,512.0,512.0000000000001,0.1643
113.0,0.5,0.5,0.5,0.5,0.0,0.0,0.0,512.0000000000001,0.0,0.0,0.0,0.0,0.0,512.0,512.0,512.0000000000001,0.1643
114.0,0.5,0.5,0.5,0.5,0.0,0.0,0.0,512.0000000000001,0.0,0.0,0.0,0.0,0.0,512.0,512.0,512.0000000000001,0.1643
115.0,0.5,0.5,0.5,0.5,0.0,0.0,0.0,512.0000000000001,0.0,0.0,0.0,0.0,0.0,512.0,512.0,512.0000000000001,0.1643
116.0,0.5,0.5,0.5,0.5,0.0,0.0,0.0,512.0000000000001,0.0,0.0,0.0,0.0,0.0,512.0,512.0,512.0000000000001,0.1643
117.0,0.5,0.5,0.5,0.5,0.0,0.0,0.0,512.0000000000001,0.0,0.0,0.0,0.0,0.0,512.0,512.0,512.0000000000001,0.1643
118.0,0.5,0.5,0.5,0.5,0.0,0.0,0.0,512.0000000000001,0.0,0.0,0.0,0.0,0.0,512.0,512.0,512.0000000000001,0.1643
119.0,0.5,0.5,0.5,0.5,0.0,0.0,0.0,512.0000000000001,0.0,0.0,0.0,0.0,0.0,512.0,512.0,512.0000000000001,0.1643
120.0,0.5,0.5,0.5,0.5,0.0,0.0,0.0,512.0000000000001,0.0,0.0,0.0,0.0,0.0,512.0,512.0,512.0000000000001,0.1643
121.0,0.5,0.5,0.5,0.5,0.0,0.0,0.0,512.0000000000001,0.0,0.0,0.0,0.0,0.0,512.0,512.0,512.0000000000001,0.1643
122.0,0.5,0.5,0.5,0.5,0.0,0.0,0.0,512.0000000000001,0.0,0.0,0.0,0.0,0.0,512.0,512.0,512.0000000000001,0.1643
123.0,0.5,0.5,0.5,0.5,0.0,0.0,0.0,512.0000000000001,0.0,0.0,0.0,0.0,0.0,512.0,512.0,512.0000000000001,0.1643
124.0,0.5,0.5,0.5,0.5,0.0,0.0,0.0,512.0000000000001,0.0,0.0,0.0,0.0,0.0,512.0,512.0,512.0000000000001,0.1643
125.0,0.5,0.5,0.5,0.5,0.0,0.0,0.0,512.0000000000001,0.0,0.0,0.0,0.0,0.0,512.0,512.0,512.0000000000001,0.1643
126.0,0.5,0.5,0.5,0.5,0.0,0.0,0.0,512.0000000000001,0.0,0.0,0.0,0.0,0.0,512.0,512.0,512.0000000000001,0.1643
127.0,0.5,0.5,0.5,0.5,0.0,0.0,0.0,512.0000000000001,0.0,0.0,0.0,0.0,0.0,512.0,512.0,512.0000000000001,0.1643
128.0,0.5,0.5,0.5,0.5,0.0,0.0,0.0,512.0000000000001,0.0,0.0,0.0,0.0,0.0,512.0,512.0,512.0000000000001,0.1643
129.0,0.5,0.5,0.5,0.5,0.0,0.0,0.0,512.0000000000001,0.0,0.0,0.0,0.0,0.0,512.0,512.0,512.0000000000001,0.1643
130.0,0.5,0.5,0.5,0.5,0.0,0.0,0.0,512.0000000000001,0.0,0.0,0.0,0.0,0.0,512.0,512.0,512.0000000000001,0.1643
131.0,0.5,0.5,0.5,0.5,0.0,0.0,0.0,512.0000000000001,0.0,0.0,0.0,0.0,0.0,512.0,512.0,512.0000000000001,0.1643
132.0,0.5,0.5,0.5,0.5,0.0,0.0,0.0,512.0000000000001,0.0,0.0,0.0,0.0,0.0,512.0,512.0,512.0000000000001,0.1643
133.0,0.5,0.5,0.5,0.5,0.0,0.0,0.0,512.0000000000001,0.0,0.0,0.0,0.0,0.0,512.0,512.0,512.0000000000001,0.1643
134.0,0.5,0.5,0.5,0.5,0.0,0.0,0.0,512.0000000000001,0.0,0.0,0.0,0.0,0.0,512.0,512.0,512.0000000000001,0.1643
135.0,0.5,0.5,0.5,0.5,0.0,0.0,0.0,512.0000000000001,0.0,0.0,0.0,0.0,0.0,512.0,512.0,512.0000000000001,0.1643
136.0,0.5,0.5,0.5,0.5,0.0,0.0,0.0,512.0000000000001,0.0,0.0,0.0,0.0,0.0,512.0,512.0,512.0000000000001,0.1643
137.0,0.5,0.5,0.5,0.5,0.0,0.0,0.0,512.0000000000001,0.0,0.0,0.0,0.0,0.0,512.0,512.0,512.0000000000001,0.1643
138.0,0.5,0.5,0.5,0.5,0.0,0.0,0.0,512.0000000000001,0.0,0.0,0.0,0.0,0.0,512.0,512.0,512.0000000000001,0.1643
139.0,0.5,0.5,0.5,0.5,0.0,0.0,0.0,512.0000000000001,0.0,0.0,0.0,0.0,0.0,512.0,512.0,512.0000000000001,0.1643
140.0,0.5,0.5,0.5,0.5,0.0,0.0,0.0,512.0000000000001,0.0,0.0,0.0,0.0,0.0,512.0,512.0,512.0000000000001,0.1643
141.0,0.5,0.5,0.5,0.5,0.0,0.0,0.0,512.0000000000001,0.0,0.0,0.0,0.0,0.0,512.0,512.0,512.0000000000001,0.1643
142.0,0.5,0.5,0.5,0.5,0.0,0.0,0.0,512.0000000000001,0.0,0.0,0.0,0.0,0.0,512.0,512.0,512.0000000000001,0.1643
143.0,0.5,0.5,0.5,0.5,0.0,0.0,0.0,512.0000000000001,0.0,0.0,0.0,0.0,0.0,512.0,512.0,512.0000000000001,0.1643
144.0,0.5,0.5,0.5,0.5,0.0,0.0,0.0,512.0000000000001,0.0,0.0,0.0,0.0,0.0,512.0,512.0,512.0000000000001,0.1643
145.0,0.5,0.5,0.5,0.5,0.0,0.0,0.0,512.0000000000001,0.0,0.0,0.0,0.0,0.0,512.0,512.0,512.0000000000001,0.1643
146.0,0.5,0.5,0.5,0.5,0.0,0.0,0.0,512.0000000000001,0.0,0.0,0.0,0.0,0.0,512.0,512.0,512.0000000000001,0.1643
147.0,0.5,0.5,0.5,0.5,0.0,0.0,0.0,512.0000000000001,0.0,0.0,0.0,0.0,0.0,512.0,512.0,512.0000000000001,0.1643
148.0,0.5,0.5,0.5,0.5,0.0,0.0,0.0,512.0000000000001,0.0,0.0,0.0,0.0,0.0,512.0,512.0,512.0000000000001,0.1643
149.0,0.5,0.5,0.5,0.5,0.0,0.0,0.0,512.0000000000001,0.0,0.0,0.0,0.0,0.0,512.0,512.0,512.0000000000001,0.1643
150.0,0.5,0.5,0.5,0.5,0.0,0.0,0.0,512.0000000000001,0.0,0.0,0.0,0.0,0.0,512.0,512.0,512.0000000000001,0.1643
151.0,0.5,0.5,0.5,0.5,0.0,0.0,0.0,512.0000000000001,0.0,0.0,0.0,0.0,0.0,512.0,512.0,512.0000000000001,0.1643
152.0,0.5,0.5,0.5,0.5,0.0,0.0,0.0,512.0000000000001,0.0,0.0,0.0,0.0,0.0,512.0,512.0,512.0000000000001,0.1643
153.0,0.5,0.5,0.5,0.5,0.0,0.0,0.0,512.0000000000001,0.0,0.0,0.0,0.0,0.0,512.0,512.0,512.0000000000001,0.1643
154.0,0.5,0.5,0.5,0.5,0.0,0.0,0.0,512.0000000000001,0.0,0.0,0.0,0.0,0.0,512.0,512.0,512.0000000000001,0.1643
155.0,0.5,0.5,0.5,0.5,0.0,0.0,0.0,512.0000000000001,0.0,0.0,0.0,0.0,0.0,512.0,512.0,512.0000000000001,0.1643
156.0,0.5,0.5,0.5,0.5,0.0,0.0,0.0,512.0000000000001,0.0,0.0,0.0,0.0,0.0,512.0,512.0,512.0000000000001,0.1643
157.0,0.5,0.5,0.5,0.5,0.0,0.0,0.0,512.0000000000001,0.0,0.0,0.0,0.0,0.0,512.0,512.0,512.0000000000001,0.1643
158.0,0.5,0.5,0.5,0.5,0.0,0.0,0.0,512.0000000000001,0.0,0.0,0.0,0.0,0.0,512.0,512.0,512.0000000000001,0.1643
159.0,0.5,0.5,0.5,0.5,0.0,0.0,0.0,512.0000000000001,0.0,0.0,0.0,0.0,0.0,512.0,512.0,512.0000000000001,0.1643
160.0,0.5,0.5,0.5,0.5,0.0,0.0,0.0,512.0000000000001,0.0,0.0,0.0,0.0,0.0,512.0,512.0,512.0000000000001,0.1643
161.0,0.5,0.5,0.5,0.5,0.0,0.0,0.0,512.0000000000001,0.0,0.0,0.0,0.0,0.0,512.0,512.0,512.0000000000001,0.1643
162.0,0.5,0.5,0.5,0.5,0.0,0.0,0.0,512.0000000000001,0.0,0.0,0.0,0.0,0.0,512.0,512.0,512.0000000000001,0.1643
163.0,0.5,0.5,0.5,0.5,0.0,0.0,0.0,512.0000000000001,0.0,0.0,0.0,0.0,0.0,512.0,512.0,512.0000000000001,0.1643
164.0,0.5,0.5,0.5,0.5,0.0,0.0,0.0,512.0000000000001,0.0,0.0,0.0,0.0,0.0,512.0,512.0,512.0000000000001,0.1643
165.0,0.5,0.5,0.5,0.5,0.0,0.0,0.0,512.0000000000001,0.0,0.0,0.0,0.0,0.0,512.0,512.0,512.0000000000001,0.1643
166.0,0.5,0.5,0.5,0.5,0.0,0.0,0.0,512.0000000000001,0.0,0.0,0.0,0.0,0.0,512.0,512.0,512.0000000000001,0.1643
167.0,0.5,0.5,0.5,0.5,0.0,0.0,0.0,512.0000000000001,0.0,0.0,0.0,0.0,0.0,512.0,512.0,512.0000000000001,0.1643
168.0,0.5,0.5,0.5,0.5,0.0,0.0,0.0,512.0000000000001,0.0,0.0,0.0,0.0,0.0,512.0,512.0,512.0000000000001,0.1643
169.0,0.5,0.5,0.5,0.5,0.0,0.0,0.0,512.0000000000001,0.0,0.0,0.0,0.0,0.0,512.0,512.0,512.0000000000001,0.1643
170.0,0.5,0.5,0.5,0.5,0.0,0.0,0.0,512.0000000000001,0.0,0.0,0.0,0.0,0.0,512.0,512.0,512.0000000000001,0.1643
171.0,0.5,0.5,0.5,0.5,0.0,0.0,0.0,512.0000000000001,0.0,0.0,0.0,0.0,0.0,512.0,512.0,512.0000000000001,0.1643
172.0,0.5,0.5,0.5,0.5,0.0,0.0,0.0,512.0000000000001,0.0,0.0,0.0,0.0,0.0,512.0,512.0,512.0000000000001,0.1643
173.0,0.5,0.5,0.5,0.5,0.0,0.0,0.0,512.0000000000001,0.0,0.0,0.0,0.0,0.0,512.0,512.0,512.0000000000001,0.1643
174.0,0.5,0.5,0.5,0.5,0.0,0.0,0.0,512.0000000000001,0.0,0.0,0.0,0.0,0.0,512.0,512.0,512.0000000000001,0.1643
175.0,0.5,0.5,0.5,0.5,0.0,0.0,0.0,512.0000000000001,0.0,0.0,0.0,0.0,0.0,512.0,512.0,512.0000000000001,0.1643
176.0,0.5,0.5,0.5,0.5,0.0,0.0,0.0,512.0000000000001,0.0,0.0,0.0,0.0,0.0,512.0,512.0,512.0000000000001,0.1643
177.0,0.5,0.5,0.5,0.5,0.0,0.0,0.0,512.0000000000001,0.0,0.0,0.0,0.0,0.0,512.0,512.0,512.0000000000001,0.1643
178.0,0.5,0.5,0.5,0.5,0.0,0.0,0.0,512.0000000000001,0.0,0.0,0.0,0.0,0.0,512.0,512.0,512.0000000000001,0.1643
179.0,0.5,0.5,0.5,0.5,0.0,0.0,0.0,512.0000000000001,0.0,0.0,0.0,0.0,0.0,512.0,512.0,512.0000000000001,0.1643
180.0,0.5,0.5,0.5,0.5,0.0,0.0,0.0,512.0000000000001,0.0,0.0,0.0,0.0,0.0,512.0,512.0,512.0000000000001,0.1643
181.0,0.5,0.5,0.5,0.5,0.0,0.0,0.0,512.0000000000001,0.0,0.0,0.0,0.0,0.0,512.0,512.0,512.0000000000001,0.1643
182.0,0.5,0.5,0.5,0.5,0.0,0.0,0.0,512.0000000000001,0.0,0.0,0.0,0.0,0.0,512.0,512.0,512.0000000000001,0.1643
183.0,0.5,0.5,0.5,0.5,0.0,0.0,0.0,512.0000000000001,0.0,0.0,0.0,0.0,0.0,512.0,512.0,512.0000000000001,0.1643
184.0,0.5,0.5,0.5,0.5,0.0,0.0,0.0,512.0000000000001,0.0,0.0,0.0,0.0,0.0,512.0,512.0,512.0000000000001,0.1643
185.0,0.5,0.5,0.5,0.5,0.0,0.0,0.0,512.0000000000001,0.0,0.0,0.0,0.0,0.0,512.0,512.0,512.0000000000001,0.1643
186.0,0.5,0.5,0.5,0.5,0.0,0.0,0.0,512.0000000000001,0.0,0.0,0.0,0.0,0.0,512.0,512.0,512.0000000000001,0.1643
187.0,0.5,0.5,0.5,0.5,0.0,0.0,0.0,512.0000000000001,0.0,0.0,0.0,0.0,0.0,512.0,512.0,512.0000000000001,0.1643
188.0,0.5,0.5,0.5,0.5,0.0,0.0,0.0,512.0000000000001,0.0,0.0,0.0,0.0,0.0,512.0,512.0,512.0000000000001,0.1643
189.0,0.5,0.5,0.5,0.5,0.0,0.0,0.0,512.0000000000001,0.0,0.0,0.0,0.0,0.0,512.0,512.0,512.0000000000001,0.1643
190.0,0.5,0.5,0.5,0.5,0.0,0.0,0.0,512.0000000000001,0.0,0.0,0.0,0.0,0.0,512.0,512.0,512.0000000000001,0.1643
191.0,0.5,0.5,0.5,0.5,0.0,0.0,0.0,512.0000000000001,0.0,0.0,0.0,0.0,0.0,512.0,512.0,512.0000000000001,0.1643
192.0,0.5,0.5,0.5,0.5,0.0,0.0,0.0,512.0000000000001,0.0,0.0,0.0,0.0,0.0,512.0,512.0,512.0000000000001,0.1643
193.0,0.5,0.5,0.5,0.5,0.0,0.0,0.0,512.0000000000001,0.0,0.0,0.0,0.0,0.0,512.0,512.0,512.0000000000001,0.1643
194.0,0.5,0.5,0.5,0.5,0.0,0.0,0.0,512.0000000000001,0.0,0.0,0.0,0.0,0.0,512.0,512.0,512.0000000000001,0.1643
195.0,0.5,0.5,0.5,0.5,0.0,0.0,0.0,512.0000000000001,0.0,0.0,0.0,0.0,0.0,512.0,512.0,512.0000000000001,0.1643
196.0,0.5,0.5,0.5,0.5,0.0,0.0,0.0,512.0000000000001,0.0,0.0,0.0,0.0,0.0,512.0,512.0,512.0000000000001,0.1643
197.0,0.5,0.5,0.5,0.5,0.0,0.0,0.0,512.0000000000001,0.0,0.0,0.0,0.0,0.0,512.0,512.0,512.0000000000001,0.1643
198.0,0.5,0.5,0.5,0.5,0.0,0.0,0.0,512.0000000000001,0.0,0.0,0.0,0.0,0.0,512.0,512.0,512.0000000000001,0.1643
199.0,0.5,0.5,0.5,0.5,0.0,0.0,0.0,512.0000000000001,0.0,0.0,0.0,0.0,0.0,512.0,512.0,512.0000000000001,0.1643
200.0,0.5,0.5,0.5,0.5,0.0,0.0,0.0,512.0000000000001,0.0,0.0,0.0,0.0,0.0,512.0,512.0,512.0000000000001,0.1643
201.0,0.5,0.5,0.5,0.5,0.0,0.0,0.0,512.0000000000001,0.0,0.0,0.0,0.0,0.0,512.0,512.0,512.0000000000001,0.1643
202.0,0.5,0.5,0.5,0.5,0.0,0.0,0.0,512.0000000000001,0.0,0.0,0.0,0.0,0.0,512.0,512.0,512.0000000000001,0.1643
203.0,0.5,0.5,0.5,0.5,0.0,0.0,0.0,512.0000000000001,0.0,0.0,0.0,0.0,0.0,512.0,512.0,512.0000000000001,0.1643
204.0,0.5,0.5,0.5,0.5,0.0,0.0,0.0,512.0000000000001,0.0,0.0,0.0,0.0,0.0,512.0,512.0,512.0000000000001,0.1643
205.0,0.5,0.5,0.5,0.5,0.0,0.0,0.0,512.0000000000001,0.0,0.0,0.0,0.0,0.0,512.0,512.0,512.0000000000001,0.1643
206.0,0.5,0.5,0.5,0.5,0.0,0.0,0.0,512.0000000000001,0.0,0.0,0.0,0.0,0.0,512.0,512.0,512.0000000000001,0.1643
207.0,0.5,0.5,0.5,0.5,0.0,0.0,0.0,512.0000000000001,0.0,0.0,0.0,0.0,0.0,512.0,512.0,512.0000000000001,0.1643
208.0,0.5,0.5,0.5,0.5,0.0,0.0,0.0,512.0000000000001,0.0,0.0,0.0,0.0,0.0,512.0,512.0,512.0000000000001,0.1643
209.0,0.5,0.5,0.5,0.5,0.0,0.0,0.0,512.0000000000001,0.0,0.0,0.0,0.0,0.0,512.0,512.0,512.0000000000001,0.1643
210.0,0.5,0.5,0.5,0.5,0.0,0.0,0.0,512.0000000000001,0.0,0.0,0.0,0.0,0.0,512.0,512.0,512.0000000000001,0.1643
211.0,0.5,0.5,0.5,0.5,0.0,0.0,0.0,512.0000000000001,0.0,0.0,0.0,0.0,0.0,512.0,512.0,512.0000000000001,0.1643
212.0,0.5,0.5,0.5,0.5,0.0,0.0,0.0,512.0000000000001,0.0,0.0,0.0,0.0,0.0,512.0,512.0,512.0000000000001,0.1643
213.0,0.5,0.5,0.5,0.5,0.0,0.0,0.0,512.0000000000001,0.0,0.0,0.0,0.0,0.0,512.0,512.0,512.0000000000001,0.1643
214.0,0.5,0.5,0.5,0.5,0.0,0.0,0.0,512.0000000000001,0.0,0.0,0.0,0.0,0.0,512.0,512.0,512.0000000000001,0.1643
215.0,0.5,0.5,0.5,0.5,0.0,0.0,0.0,512.0000000000001,0.0,0.0,0.0,0.0,0.0,512.0,512.0,512.0000000000001,0.1643
216.0,0.5,0.5,0.5,0.5,0.0,0.0,0.0,512.0000000000001,0.0,0.0,0.0,0.0,0.0,512.0,512.0,512.0000000000001,0.1643
217.0,0.5,0.5,0.5,0.5,0.0,0.0,0.0,512.0000000000001,0.0,0.0,0.0,0.0,0.0,512.0,512.0,512.0000000000001,0.1643
218.0,0.5,0.5,0.5,0.5,0.0,0.0,0.0,512.0000000000001,0.0,0.0,0.0,0.0,0.0,512.0,512.0,512.0000000000001,0.1643
219.0,0.5,0.5,0.5,0.5,0.0,0.0,0.0,512.0000000000001,0.0,0.0,0.0,0.0,0.0,512.0,512.0,512.0000000000001,0.1643
220.0,0.5,0.5,0.5,0.5,0.0,0.0,0.0,512.0000000000001,0.0,0.0,0.0,0.0,0.0,512.0,512.0,512.0000000000001,0.1643
221.0,0.5,0.5,0.5,0.5,0.0,0.0,0.0,512.0000000000001,0.0,0.0,0.0,0.0,0.0,512.0,512.0,512.0000000000001,0.1643
222.0,0.5,0.5,0.5,0.5,0.0,0.0,0.0,512.0000000000001,0.0,0.0,0.0,0.0,0.0,512.0,512.0,512.0000000000001,0.1643
223.0,0.5,0.5,0.5,0.5,0.0,0.0,0.0,512.0000000000001,0.0,0.0,0.0,0.0,0.0,512.0,512.0,512.0000000000001,0.1643
224.0,0.5,0.5,0.5,0.5,0.0,0.0,0.0,512.0000000000001,0.0,0.0,0.0,0.0,0.0,512.0,512.0,512.0000000000001,0.1643
225.0,0.5,0.5,0.5,0.5,0.0,0.0,0.0,512.0000000000001,0.0,0.0,0.0,0.0,0.0,512.0,512.0,512.0000000000001,0.1643
226.0,0.5,0.5,0.5,0.5,0.0,0.0,0.0,512.0000000000001,0.0,0.0,0.0,0.0,0.0,512.0,512.0,512.0000000000001,0.1643
227.0,0.5,0.5,0.5,0.5,0.0,0.0,0.0,512.0000000000001,0.0,0.0,0.0,0.0,0.0,512.0,512.0,512.0000000000001,0.1643
228.0,0.5,0.5,0.5,0.5,0.0,0.0,0.0,512.0000000000001,0.0,0.0,0.0,0.0,0.0,512.0,512.0,512.0000000000001,0.1643
229.0,0.5,0.5,0.5,0.5,0.0,0.0,0.0,512.0000000000001,0.0,0.0,0.0,0.0,0.0,512.0,512.0,512.0000000000001,0.1643
230.0,0.5,0.5,0.5,0.5,0.0,0.0,0.0,512.0000000000001,0.0,0.0,0.0,0.0,0.0,512.0,512.0,512.0000000000001,0.1643
231.0,0.5,0.5,0.5,0.5,0.0,0.0,0.0,512.0000000000001,0.0,0.0,0.0,0.0,0.0,512.0,512.0,512.0000000000001,0.1643
232.0,0.5,0.5,0.5,0.5,0.0,0.0,0.0,512.0000000000001,0.0,0.0,0.0,0.0,0.0,512.0,512.0,512.0000000000001,0.1643
233.0,0.5,0.5,0.5,0.5,0.0,0.0,0.0,512.0000000000001,0.0,0.0,0.0,0.0,0.0,512.0,512.0,512.0000000000001,0.1643
234.0,0.5,0.5,0.5,0.5,0.0,0.0,0.0,512.0000000000001,0.0,0.0,0.0,0.0,0.0,512.0,512.0,512.0000000000001,0.1643
235.0,0.5,0.5,0.5,0.5,0.0,0.0,0.0,512.0000000000001,0.0,0.0,0.0,0.0,0.0,512.0,512.0,512.0000000000001,0.1643
236.0,0.5,0.5,0.5,0.5,0.0,0.0,0.0,512.0000000000001,0.0,0.0,0.0,0.0,0.0,512.0,512.0,512.0000000000001,0.1643
237.0,0.5,0.5,0.5,0.5,0.0,0.0,0.0,512.0000000000001,0.0,0.0,0.0,0.0,0.0,512.0,512.0,512.0000000000001,0.1643
238.0,0.5,0.5,0.5,0.5,0.0,0.0,0.0,512.0000000000001,0.0,0.0,0.0,0.0,0.0,512.0,512.0,512.0000000000001,0.1643
239.0,0.5,0.5,0.5,0.5,0.0,0.0,0.0,512.0000000000001,0.0,0.0,0.0,0.0,0.0,512.0,512.0,512.0000000000001,0.1643
240.0,0.5,0.5,0.5,0.5,0.0,0.0,0.0,512.0000000000001,0.0,0.0,0.0,0.0,0.0,512.0,512.0,512.0000000000001,0.1643
241.0,0.5,0.5,0.5,0.5,0.0,0.0,0.0,512.0000000000001,0.0,0.0,0.0,0.0,0.0,512.0,512.0,512.0000000000001,0.1643
242.0,0.5,0.5,0.5,0.5,0.0,0.0,0.0,512.0000000000001,0.0,0.0,0.0,0.0,0.0,512.0,512.0,512.0000000000001,0.1643
243.0,0.5,0.5,0.5,0.5,0.0,0.0,0.0,512.0000000000001,0.0,0.0,0.0,0.0,0.0,512.0,512.0,512.0000000000001,0.1643
244.0,0.5,0.5,0.5,0.5,0.0,0.0,0.0,512.0000000000001,0.0,0.0,0.0,0.0,0.0,512.0,512.0,512.0000000000001,0.1643
245.0,0.5,0.5,0.5,0.5,0.0,0.0,0.0,512.0000000000001,0.0,0.0,0.0,0.0,0.0,512.0,512.0,512.0000000000001,0.1643
246.0,0.5,0.5,0.5,0.5,0.0,0.0,0.0,512.0000000000001,0.0,0.0,0.0,0.0,0.0,512.0,512.0,512.0000000000001,0.1643
247.0,0.5,0.5,0.5,0.5,0.0,0.0,0.0,512.0000000000001,0.0,0.0,0.0,0.0,0.0,512.0,512.0,512.0000000000001,0.1643
248.0,0.5,0.5,0.5,0.5,0.0,0.0,0.0,512.0000000000001,0.0,0.0,0.0,0.0,0.0,512.0,512.0,512.0000000000001,0.1643
249.0,0.5,0.5,0.5,0.5,0.0,0.0,0.0,512.0000000000001,0.0,0.0,0.0,0.0,0.0,512.0,512.0,512.0000000000001,0.1643
250.0,0.5,0.5,0.5,0.5,0.0,0.0,0.0,512.0000000000001,0.0,0.0,0.0,0.0,0.0,512.0,512.0,512.0000000000001,0.1643
251.0,0.5,0.5,0.5,0.5,0.0,0.0,0.0,512.0000000000001,0.0,0.0,0.0,0.0,0.0,512.0,512.0,512.0000000000001,0.1643
252.0,0.5,0.5,0.5,0.5,0.0,0.0,0.0,512.0000000000001,0.0,0.0,0.0,0.0,0.0,512.0,512.0,512.0000000000001,0.1643
253.0,0.5,0.5,0.5,0.5,0.0,0.0,0.0,512.0000000000001,0.0,0.0,0.0,0.0,0.0,512.0,512.0,512.0000000000001,0.1643
254.0,0.5,0.5,0.5,0.5,0.0,0.0,0.0,512.0000000000001,0.0,0.0,0.0,0.0,0.0,512.0,512.0,512.0000000000001,0.1643
255.0,0.5,0.5,0.5,0.5,0.0,0.0,0.0,512.0000000000001,0.0,0.0,0.0,0.0,0.0,512.0,512.0,512.0000000000001,0.1643
256.0,0.5,0.5,0.5,0.5,0.0,0.0,0.0,512.0000000000001,0.0,0.0,0.0,0.0,0.0,512.0,512.0,512.0000000000001,0.1643
257.0,0.5,0.5,0.5,0.5,0.0,0.0,0.0,512.0000000000001,0.0,0.0,0.0,0.0,0.0,512.0,512.0,512.0000000000001,0.1643
258.0,0.5,0.5,0.5,0.5,0.0,0.0,0.0,512.0000000000001,0.0,0.0,0.0,0.0,0.0,512.0,512.0,512.0000000000001,0.1643
259.0,0.5,0.5,0.5,0.5,0.0,0.0,0.0,512.0000000000001,0.0,0.0,0.0,0.0,0.0,512.0,512.0,512.0000000000001,0.1643
260.0,0.5,0.5,0.5,0.5,0.0,0.0,0.0,512.0000000000001,0.0,0.0,0.0,0.0,0.0,512.0,512.0,512.0000000000001,0.1643
261.0,0.5,0.5,0.5,0.5,0.0,0.0,0.0,512.0000000000001,0.0,0.0,0.0,0.0,0.0,512.0,512.0,512.0000000000001,0.1643
262.0,0.5,0.5,0.5,0.5,0.0,0.0,0.0,512.0000000000001,0.0,0.0,0.0,0.0,0.0,512.0,512.0,512.0000000000001,0.1643
263.0,0.5,0.5,0.5,0.5,0.0,0.0,0.0,512.0000000000001,0.0,0.0,0.0,0.0,0.0,512.0,512.0,512.0000000000001,0.1643
264.0,0.5,0.5,0.5,0.5,0.0,0.0,0.0,512.0000000000001,0.0,0.0,0.0,0.0,0.0,512.0,512.0,512.0000000000001,0.1643
265.0,0.5,0.5,0.5,0.5,0.0,0.0,0.0,512.0000000000001,0.0,0.0,0.0,0.0,0.0,512.0,512.0,512.0000000000001,0.1643
266.0,0.5,0.5,0.5,0.5,0.0,0.0,0.0,512.0000000000001,0.0,0.0,0.0,0.0,0.0,512.0,512.0,512.0000000000001,0.1643
267.0,0.5,0.5,0.5,0.5,0.0,0.0,0.0,512.0000000000001,0.0,0.0,0.0,0.0,0.0,512.0,512.0,512.0000000000001,0.1643
268.0,0.5,0.5,0.5,0.5,0.0,0.0,0.0,512.0000000000001,0.0,0.0,0.0,0.0,0.0,512.0,512.0,512.0000000000001,0.1643
269.0,0.5,0.5,0.5,0.5,0.0,0.0,0.0,512.0000000000001,0.0,0.0,0.0,0.0,0.0,512.0,512.0,512.0000000000001,0.1643
270.0,0.5,0.5,0.5,0.5,0.0,0.0,0.0,512.0000000000001,0.0,0.0,0.0,0.0,0.0,512.0,512.0,512.0000000000001,0.1643
271.0,0.5,0.5,0.5,0.5,0.0,0.0,0.0,512.0000000000001,0.0,0.0,0.0,0.0,0.0,512.0,512.0,512.0000000000001,0.1643
272.0,0.5,0.5,0.5,0.5,0.0,0.0,0.0,512.0000000000001,0.0,0.0,0.0,0.0,0.0,512.0,512.0,512.0000000000001,0.1643
273.0,0.5,0.5,0.5,0.5,0.0,0.0,0.0,512.0000000000001,0.0,0.0,0.0,0.0,0.0,512.0,512.0,512.0000000000001,0.1643
274.0,0.5,0.5,0.5,0.5,0.0,0.0,0.0,512.0000000000001,0.0,0.0,0.0,0.0,0.0,512.0,512.0,512.0000000000001,0.1643
275.0,0.5,0.5,0.5,0.5,0.0,0.0,0.0,512.0000000000001,0.0,0.0,0.0,0.0,0.0,512.0,512.0,512.0000000000001,0.1643
276.0,0.5,0.5,0.5,0.5,0.0,0.0,0.0,512.0000000000001,0.0,0.0,0.0,0.0,0.0,512.0,512.0,512.0000000000001,0.1643
277.0,0.5,0.5,0.5,0.5,0.0,0.0,0.0,512.0000000000001,0.0,0.0,0.0,0.0,0.0,512.0,512.0,512.0000000000001,0.1643
278.0,0.5,0.5,0.5,0.5,0.0,0.0,0.0,512.0000000000001,0.0,0.0,0.0,0.0,0.0,512.0,512.0,512.0000000000001,0.1643
279.0,0.5,0.5,0.5,0.5,0.0,0.0,0.0,512.0000000000001,0.0,0.0,0.0,0.0,0.0,512.0,512.0,512.0000000000001,0.1643
280.0,0.5,0.5,0.5,0.5,0.0,0.0,0.0,512.0000000000001,0.0,0.0,0.0,0.0,0.0,512.0,512.0,512.0000000000001,0.1643
281.0,0.5,0.5,0.5,0.5,0.0,0.0,0.0,512.0000000000001,0.0,0.0,0.0,0.0,0.0,512.0,512.0,512.0000000000001,0.1643
282.0,0.5,0.5,0.5,0.5,0.0,0.0,0.0,512.0000000000001,0.0,0.0,0.0,0.0,0.0,512.0,512.0,512.0000000000001,0.1643
283.0,0.5,0.5,0.5,0.5,0.0,0.0,0.0,512.0000000000001,0.0,0.0,0.0,0.0,0.0,512.0,512.0,512.0000000000001,0.1643
284.0,0.5,0.5,0.5,0.5,0.0,0.0,0.0,512.0000000000001,0.0,0.0,0.0,0.0,0.0,512.0,512.0,512.0000000000001,0.1643
285.0,0.5,0.5,0.5,0.5,0.0,0.0,0.0,512.0000000000001,0.0,0.0,0.0,0.0,0.0,512.0,512.0,512.0000000000001,0.1643
286.0,0.5,0.5,0.5,0.5,0.0,0.0,0.0,512.0000000000001,0.0,0.0,0.0,0.0,0.0,512.0,512.0,512.0000000000001,0.1643
287.0,0.5,0.5,0.5,0.5,0.0,0.0,0.0,512.0000000000001,0.0,0.0,0.0,0.0,0.0,512.0,512.0,512.0000000000001,0.1643
288.0,0.5,0.5,0.5,0.5,0.0,0.0,0.0,512.0000000000001,0.0,0.0,0.0,0.0,0.0,512.0,512.0,512.0000000000001,0.1643
289.0,0.5,0.5,0.5,0.5,0.0,0.0,0.0,512.0000000000001,0.0,0.0,0.0,0.0,0.0,512.0,512.0,512.0000000000001,0.1643
290.0,0.5,0.5,0.5,0.5,0.0,0.0,0.0,512.0000000000001,0.0,0.0,0.0,0.0,0.0,512.0,512.0,512.0000000000001,0.1643
291.0,0.5,0.5,0.5,0.5,0.0,0.0,0.0,512.0000000000001,0.0,0.0,0.0,0.0,0.0,512.0,512.0,512.0000000000001,0.1643
292.0,0.5,0.5,0.5,0.5,0.0,0.0,0.0,512.0000000000001,0.0,0.0,0.0,0.0,0.0,512.0,512.0,512.0000000000001,0.1643
293.0,0.5,0.5,0.5,0.5,0.0,0.0,0.0,512.0000000000001,0.0,0.0,0.0,0.0,0.0,512.0,512.0,512.0000000000001,0.1643
294.0,0.5,0.5,0.5,0.5,0.0,0.0,0.0,512.0000000000001,0.0,0.0,0.0,0.0,0.0,512.0,512.0,512.0000000000001,0.1643
295.0,0.5,0.5,0.5,0.5,0.0,0.0,0.0,512.0000000000001,0.0,0.0,0.0,0.0,0.0,512.0,512.0,512.0000000000001,0.1643
296.0,0.5,0.5,0.5,0.5,0.0,0.0,0.0,512.0000000000001,0.0,0.0,0.0,0.0,0.0,512.0,512.0,512.0000000000001,0.1643
297.0,0.5,0.5,0.5,0.5,0.0,0.0,0.0,512.0000000000001,0.0,0.0,0.0,0.0,0.0,512.0,512.0,512.0000000000001,0.1643
298.0,0.5,0.5,0.5,0.5,0.0,0.0,0.0,512.0000000000001,0.0,0.0,0.0,0.0,0.0,512.0,512.0,512.0000000000001,0.1643
299.0,0.5,0.5,0.5,0.5,0.0,0.0,0.0,512.0000000000001,0.0,0.0,0.0,0.0,0.0,512.0,512.0,512.0000000000001,0.1643
300.0,0.5,0.5,0.5,0.5,0.0,0.0,0.0,512.0000000000001,0.0,0.0,0.0,0.0,0.0,512.0,512.0,512.0000000000001,0.1643
301.0,0.5,0.5,0.5,0.5,0.0,0.0,0.0,512.0000000000001,0.0,0.0,0.0,0.0,0.0,512.0,512.0,512.0000000000001,0.1643
302.0,0.5,0.5,0.5,0.5,0.0,0.0,0.0,512.0000000000001,0.0,0.0,0.0,0.0,0.0,512.0,512.0,512.0000000000001,0.1643
303.0,0.5,0.5,0.5,0.5,0.0,0.0,0.0,512.0000000000001,0.0,0.0,0.0,0.0,0.0,512.0,512.0,512.0000000000001,0.1643
304.0,0.5,0.5,0.5,0.5,0.0,0.0,0.0,512.0000000000001,0.0,0.0,0.0,0.0,0.0,512.0,512.0,512.0000000000001,0.1643
305.0,0.5,0.5,0.5,0.5,0.0,0.0,0.0,512.0000000000001,0.0,0.0,0.0,0.0,0.0,512.0,512.0,512.0000000000001,0.1643
306.0,0.5,0.5,0.5,0.5,0.0,0.0,0.0,512.0000000000001,0.0,0.0,0.0,0.0,0.0,512.0,512.0,512.0000000000001,0.1643
307.0,0.5,0.5,0.5,0.5,0.0,0.0,0.0,512.0000000000001,0.0,0.0,0.0,0.0,0.0,512.0,512.0,512.0000000000001,0.1643
308.0,0.5,0.5,0.5,0.5,0.0,0.0,0.0,512.0000000000001,0.0,0.0,0.0,0.0,0.0,512.0,512.0,512.0000000000001,0.1643
309.0,0.5,0.5,0.5,0.5,0.0,0.0,0.0,512.0000000000001,0.0,0.0,0.0,0.0,0.0,512.0,512.0,512.0000000000001,0.1643
310.0,0.5,0.5,0.5,0.5,0.0,0.0,0.0,512.0000000000001,0.0,0.0,0.0,0.0,0.0,512.0,512.0,512.0000000000001,0.1643
311.0,0.5,0.5,0.5,0.5,0.0,0.0,0.0,512.0000000000001,0.0,0.0,0.0,0.0,0.0,512.0,512.0,512.0000000000001,0.1643
312.0,0.5,0.5,0.5,0.5,0.0,0.0,0.0,512.0000000000001,0.0,0.0,0.0,0.0,0.0,512.0,512.0,512.0000000000001,0.1643
313.0,0.5,0.5,0.5,0.5,0.0,0.0,0.0,512.0000000000001,0.0,0.0,0.0,0.0,0.0,512.0,512.0,512.0000000000001,0.1643
314.0,0.5,0.5,0.5,0.5,0.0,0.0,0.0,512.0000000000001,0.0,0.0,0.0,0.0,0.0,512.0,512.0,512.0000000000001,0.1643
315.0,0.5,0.5,0.5,0.5,0.0,0.0,0.0,512.0000000000001,0.0,0.0,0.0,0.0,0.0,512.0,512.0,512.0000000000001,0.1643
316.0,0.5,0.5,0.5,0.5,0.0,0.0,0.0,512.0000000000001,0.0,0.0,0.0,0.0,0.0,512.0,512.0,512.0000000000001,0.1643
317.0,0.5,0.5,0.5,0.5,0.0,0.0,0.0,512.0000000000001,0.0,0.0,0.0,0.0,0.0,512.0,512.0,512.0000000000001,0.1643
318.0,0.5,0.5,0.5,0.5,0.0,0.0,0.0,512.0000000000001,0.0,0.0,0.0,0.0,0.0,512.0,512.0,512.0000000000001,0.1643
319.0,0.5,0.5,0.5,0.5,0.0,0.0,0.0,512.0000000000001,0.0,0.0,0.0,0.0,0.0,512.0,512.0,512.0000000000001,0.1643
320.0,0.5,0.5,0.5,0.5,0.0,0.0,0.0,512.0000000000001,0.0,0.0,0.0,0.0,0.0,512.0,512.0,512.0000000000001,0.1643
321.0,0.5,0.5,0.5,0.5,0.0,0.0,0.0,512.0000000000001,0.0,0.0,0.0,0.0,0.0,512.0,512.0,512.0000000000001,0.1643
322.0,0.5,0.5,0.5,0.5,0.0,0.0,0.0,512.0000000000001,0.0,0.0,0.0,0.0,0.0,512.0,512.0,512.0000000000001,0.1643
323.0,0.5,0.5,0.5,0.5,0.0,0.0,0.0,512.0000000000001,0.0,0.0,0.0,0.0,0.0,512.0,512.0,512.0000000000001,0.1643
324.0,0.5,0.5,0.5,0.5,0.0,0.0,0.0,512.0000000000001,0.0,0.0,0.0,0.0,0.0,512.0,512.0,512.0000000000001,0.1643
325.0,0.5,0.5,0.5,0.5,0.0,0.0,0.0,512.0000000000001,0.0,0.0,0.0,0.0,0.0,512.0,512.0,512.0000000000001,0.1643
326.0,0.5,0.5,0.5,0.5,0.0,0.0,0.0,512.0000000000001,0.0,0.0,0.0,0.0,0.0,512.0,512.0,512.0000000000001,0.1643
327.0,0.5,0.5,0.5,0.5,0.0,0.0,0.0,512.0000000000001,0.0,0.0,0.0,0.0,0.0,512.0,512.0,512.0000000000001,0.1643
328.0,0.5,0.5,0.5,0.5,0.0,0.0,0.0,512.0000000000001,0.0,0.0,0.0,0.0,0.0,512.0,512.0,512.0000000000001,0.1643
329.0,0.5,0.5,0.5,0.5,0.0,0.0,0.0,512.0000000000001,0.0,0.0,0.0,0.0,0.0,512.0,512.0,512.0000000000001,0.1643
330.0,0.5,0.5,0.5,0.5,0.0,0.0,0.0,512.0000000000001,0.0,0.0,0.0,0.0,0.0,512.0,512.0,512.0000000000001,0.1643
331.0,0.5,0.5,0.5,0.5,0.0,0.0,0.0,512.0000000000001,0.0,0.0,0.0,0.0,0.0,512.0,512.0,512.0000000000001,0.1643
332.0,0.5,0.5,0.5,0.5,0.0,0.0,0.0,512.0000000000001,0.0,0.0,0.0,0.0,0.0,512.0,512.0,512.0000000000001,0.1643
333.0,0.5,0.5,0.5,0.5,0.0,0.0,0.0,512.0000000000001,0.0,0.0,0.0,0.0,0.0,512.0,512.0,512.0000000000001,0.1643
334.0,0.5,0.5,0.5,0.5,0.0,0.0,0.0,512.0000000000001,0.0,0.0,0.0,0.0,0.0,512.0,512.0,512.0000000000001,0.1643
335.0,0.5,0.5,0.5,0.5,0.0,0.0,0.0,512.0000000000001,0.0,0.0,0.0,0.0,0.0,512.0,512.0,512.0000000000001,0.1643
336.0,0.5,0.5,0.5,0.5,0.0,0.0,0.0,512.0000000000001,0.0,0.0,0.0,0.0,0.0,512.0,512.0,512.0000000000001,0.1643
337.0,0.5,0.5,0.5,0.5,0.0,0.0,0.0,512.0000000000001,0.0,0.0,0.0,0.0,0.0,512.0,512.0,512.0000000000001,0.1643
338.0,0.5,0.5,0.5,0.5,0.0,0.0,0.0,512.0000000000001,0.0,0.0,0.0,0.0,0.0,512.0,512.0,512.0000000000001,0.1643
339.0,0.5,0.5,0.5,0.5,0.0,0.0,0.0,512.0000000000001,0.0,0.0,0.0,0.0,0.0,512.0,512.0,512.0000000000001,0.1643
340.0,0.5,0.5,0.5,0.5,0.0,0.0,0.0,512.0000000000001,0.0,0.0,0.0,0.0,0.0,512.0,512.0,512.0000000000001,0.1643
341.0,0.5,0.5,0.5,0.5,0.0,0.0,0.0,512.0000000000001,0.0,0.0,0.0,0.0,0.0,512.0,512.0,512.0000000000001,0.1643
342.0,0.5,0.5,0.5,0.5,0.0,0.0,0.0,512.0000000000001,0.0,0.0,0.0,0.0,0.0,512.0,512.0,512.0000000000001,0.1643
343.0,0.5,0.5,0.5,0.5,0.0,0.0,0.0,512.0000000000001,0.0,0.0,0.0,0.0,0.0,512.0,512.0,512.0000000000001,0.1643
344.0,0.5,0.5,0.5,0.5,0.0,0.0,0.0,512.0000000000001,0.0,0.0,0.0,0.0,0.0,512.0,512.0,512.0000000000001,0.1643
345.0,0.5,0.5,0.5,0.5,0.0,0.0,0.0,512.0000000000001,0.0,0.0,0.0,0.0,0.0,512.0,512.0,512.0000000000001,0.1643
346.0,0.5,0.5,0.5,0.5,0.0,0.0,0.0,512.0000000000001,0.0,0.0,0.0,0.0,0.0,512.0,512.0,512.0000000000001,0.1643
347.0,0.5,0.5,0.5,0.5,0.0,0.0,0.0,512.0000000000001,0.0,0.0,0.0,0.0,0.0,512.0,512.0,512.0000000000001,0.1643
348.0,0.5,0.5,0.5,0.5,0.0,0.0,0.0,512.0000000000001,0.0,0.0,0.0,0.0,0.0,512.0,512.0,512.0000000000001,0.1643
349.0,0.5,0.5,0.5,0.5,0.0,0.0,0.0,512.0000000000001,0.0,0.0,0.0,0.0,0.0,512.0,512.0,512.0000000000001,0.1643
350.0,0.5,0.5,0.5,0.5,0.0,0.0,0.0,512.0000000000001,0.0,0.0,0.0,0.0,0.0,512.0,512.0,512.0000000000001,0.1643
351.0,0.5,0.5,0.5,0.5,0.0,0.0,0.0,512.0000000000001,0.0,0.0,0.0,0.0,0.0,512.0,512.0,512.0000000000001,0.1643
352.0,0.5,0.5,0.5,0.5,0.0,0.0,0.0,512.0000000000001,0.0,0.0,0.0,0.0,0.0,512.0,512.0,512.0000000000001,0.1643
