tx,ty,tz,qw,qx,qy,qz,vx,vy,vz,bgx,bgy,bgz,bax,bay,baz,tic
0.0,0.0,0.0,1.0,0.0,0.0,0.0,0.0,0.0,0.0,0.0,0.0,0.0,0.0,0.0,0.0,5.823974609375001e-10
0.34846537891567786,0.010292944104933763,0.0007533732888987586,1.0000000010087389,7.874219611669874e-07,-1.0367333554102169e-07,-2.4925172300465964e-06,0.0,0.0,0.0,0.0,0.0,0.0,0.0,0.0,0.0,4.64813232421875e-10
0.6923281975497132,0.018471627624032365,0.0014800782623328554,0.9999999923509605,6.178280180320611e-06,1.4949190988529453e-06,-4.730169097034219e-05,0.0,0.0,0.0,0.0,0.0,0.0,0.0,0.0,0.0,3.472442626953125e-10
1.0359056853238922,0.022014813331106053,0.002192751514352941,0.9999999775489032,2.3020977614771884e-05,3.793069540542786e-06,-0.00019455124187933275,0.0,0.0,0.0,0.0,0.0,0.0,0.0,0.0,0.0,2.2966003417968748e-10
1.3792576121489286,0.021685577090511683,0.002887716667092526,0.9999999865786915,2.7135686334585387e-05,6.649555201772502e-06,-0.00031449613923623793,0.0,0.0,0.0,0.0,0.0,0.0,0.0,0.0,0.0,1.12060546875e-10
1.7227291484757334,0.019137592716804583,0.003562092793289808,0.9999999444007671,2.4462144296640426e-05,8.033874740262591e-06,-0.0003795704779511159,0.0,0.0,0.0,0.0,0.0,0.0,0.0,0.0,0.0,9.944763183593752e-10
2.066055634777953,0.01654287279511958,0.004216749528251475,0.9999999338111241,1.907152435342813e-05,8.53410796112203e-06,-0.0004210171523376681,0.0,0.0,0.0,0.0,0.0,0.0,0.0,0.0,0.0,8.768768310546876e-10
2.4094983442383486,0.014134001942534242,0.004856133609381593,0.9999998822735802,1.3302777684133962e-05,8.709028274061482e-06,-0.00044053948109634597,0.0,0.0,0.0,0.0,0.0,0.0,0.0,0.0,0.0,7.592926025390624e-10
2.752767790847716,0.008138025999783052,0.005488845649473793,0.9999998174704581,1.773250945517511e-05,1.0015967436058184e-05,-0.0005287349953685228,0.0,0.0,0.0,0.0,0.0,0.0,0.0,0.0,0.0,6.417236328125001e-10
3.096204072110484,-0.0037776302121570538,0.006117434877876389,0.9999997040886077,2.997147020612042e-05,1.2235424207727523e-05,-0.0007277783773443114,0.0,0.0,0.0,0.0,0.0,0.0,0.0,0.0,0.0,5.241241455078125e-10
3.439182515962434,-0.020591856730917686,0.006730912420715434,0.9999996323858752,3.3302282319148244e-05,1.4959759398007578e-05,-0.0009040570903674248,0.0,0.0,0.0,0.0,0.0,0.0,0.0,0.0,0.0,4.065399169921875e-10
3.7820964104046526,-0.04063675757160471,0.0073250692635057684,0.9999995113394441,2.1879362736894292e-05,1.5847058941174616e-05,-0.0009676876356488902,0.0,0.0,0.0,0.0,0.0,0.0,0.0,0.0,0.0,2.8895568847656253e-10
4.124806009780331,-0.06183390912819427,0.007901187311756557,0.9999995068186837,1.1970647148279511e-05,1.6417874473828133e-05,-0.0009859040860172705,0.0,0.0,0.0,0.0,0.0,0.0,0.0,0.0,0.0,1.71356201171875e-10
4.4676498698921705,-0.083041729314449,0.008461011049437585,0.9999995138772497,1.4001212261034901e-06,1.7757648399870138e-05,-0.000990187283796176,0.0,0.0,0.0,0.0,0.0,0.0,0.0,0.0,0.0,5.3787231445312496e-11
4.810376987617636,-0.10406410882181569,0.009004865527760883,0.9999995325087369,-6.821657242128525e-06,1.818682522508808e-05,-0.0009921068141704793,0.0,0.0,0.0,0.0,0.0,0.0,0.0,0.0,0.0,9.362030029296875e-10
5.153385158234778,-0.12488617017979499,0.009534898040441412,0.9999995335168141,-1.3511464237302386e-05,1.8033726928806312e-05,-0.0009909513879503636,0.0,0.0,0.0,0.0,0.0,0.0,0.0,0.0,0.0,8.18603515625e-10
5.496143034860972,-0.14551043601567165,0.010051406821049626,0.9999995059137896,-1.7410270797056312e-05,1.7111857031319047e-05,-0.0009920744890862833,0.0,0.0,0.0,0.0,0.0,0.0,0.0,0.0,0.0,7.010040283203125e-10
5.839044021404238,-0.16599334540388355,0.010556237408872994,0.999999525897502,-2.101334339582306e-05,1.6727679874416514e-05,-0.0009912312947881665,0.0,0.0,0.0,0.0,0.0,0.0,0.0,0.0,0.0,5.834350585937501e-10
6.181823964921506,-0.18634017374855064,0.011049468338452923,0.9999995049106482,-2.3221334984587985e-05,1.7063896766487578e-05,-0.0009905608820604667,0.0,0.0,0.0,0.0,0.0,0.0,0.0,0.0,0.0,4.658355712890625e-10
6.524747823258667,-0.2065636258081502,0.011531540973662407,0.9999995629839935,-2.3603608468574338e-05,1.7460596015446008e-05,-0.000990335439469431,0.0,0.0,0.0,0.0,0.0,0.0,0.0,0.0,0.0,3.482666015625e-10
6.867551730386156,-0.2266612479769569,0.01200245677700648,0.9999995287989661,-2.5726137953091324e-05,1.736579953932853e-05,-0.0009896251614826528,0.0,0.0,0.0,0.0,0.0,0.0,0.0,0.0,0.0,2.3066711425781247e-10
7.21061333078603,-0.24692124339098798,0.012463782146668,0.9999995089535546,-2.5330904255930645e-05,1.7031652878585528e-05,-0.0010044335388572235,0.0,0.0,0.0,0.0,0.0,0.0,0.0,0.0,0.0,1.1308288574218751e-10
7.553382371725422,-0.2676406361792105,0.012915473382810093,0.9999994954932084,-2.5688366110816897e-05,1.5046204058513493e-05,-0.001020789650978078,0.0,0.0,0.0,0.0,0.0,0.0,0.0,0.0,0.0,9.954833984375e-10
7.896262811024532,-0.2887148205575764,0.013359258572968411,0.999999485064401,-2.7208837793825845e-05,1.464916788494731e-05,-0.0010245769926445674,0.0,0.0,0.0,0.0,0.0,0.0,0.0,0.0,0.0,8.779144287109376e-10
8.239008901546564,-0.30985221701092386,0.013793654812457569,0.9999995214134458,-2.777142607326361e-05,1.4979021081306942e-05,-0.0010261911810018833,0.0,0.0,0.0,0.0,0.0,0.0,0.0,0.0,0.0,7.603149414062501e-10
8.581756005812512,-0.3309809828868125,0.014218602791652962,0.9999994859310153,-2.8012067255204825e-05,1.6248299743647567e-05,-0.0010278951177540136,0.0,0.0,0.0,0.0,0.0,0.0,0.0,0.0,0.0,6.427154541015626e-10
8.924636514458646,-0.3520782011697687,0.014633974753535211,0.9999994494655288,-2.9720963320916244e-05,1.7969722839746718e-05,-0.0010273955753312396,0.0,0.0,0.0,0.0,0.0,0.0,0.0,0.0,0.0,5.251464843750001e-10
9.26752529558077,-0.37305669055534835,0.01503947975237611,0.9999994762572085,-3.001879724079883e-05,1.8258319317210423e-05,-0.0010279978038270213,0.0,0.0,0.0,0.0,0.0,0.0,0.0,0.0,0.0,4.07562255859375e-10
9.610425961537443,-0.393858752211768,0.01543614054297659,0.9999994975702448,-2.955822287492515e-05,1.9734736220724404e-05,-0.0010278680408463594,0.0,0.0,0.0,0.0,0.0,0.0,0.0,0.0,0.0,2.8996276855468746e-10
9.953196024249717,-0.4145147729570592,0.01582318032237619,0.9999994732879126,-2.9175646092787372e-05,1.919859155351148e-05,-0.0010301842795840468,0.0,0.0,0.0,0.0,0.0,0.0,0.0,0.0,0.0,1.72393798828125e-10
10.296082936620365,-0.4352564207042698,0.016202768158567464,0.9999994274377509,-2.9809782402158397e-05,2.075203938712078e-05,-0.0010445667526177804,0.0,0.0,0.0,0.0,0.0,0.0,0.0,0.0,0.0,5.479431152343751e-11
10.638799268075369,-0.45668280192284755,0.01657433251022927,0.9999994315071341,-2.9180729426460366e-05,2.1660768754714464e-05,-0.0010544949437905264,0.0,0.0,0.0,0.0,0.0,0.0,0.0,0.0,0.0,9.3719482421875e-10
10.981591165770622,-0.4792134961096093,0.016939120030942154,0.9999993712902482,-2.5441719875409187e-05,2.4375282632111453e-05,-0.0011017982415838928,0.0,0.0,0.0,0.0,0.0,0.0,0.0,0.0,0.0,8.196258544921874e-10
11.324320733836526,-0.5027367161886754,0.01729488224909708,0.9999993375556234,-2.362588728580525e-05,2.465287794477782e-05,-0.0011305889296086345,0.0,0.0,0.0,0.0,0.0,0.0,0.0,0.0,0.0,7.020416259765625e-10
11.666999557083184,-0.5269584438930383,0.017642820267232868,0.9999993799974549,-2.59587582913381e-05,2.5001564212724704e-05,-0.0011383846701104212,0.0,0.0,0.0,0.0,0.0,0.0,0.0,0.0,0.0,5.84442138671875e-10
12.009529501153395,-0.5514341368537446,0.01798294725742392,0.9999993534645083,-2.7930705890121473e-05,2.5632825569023766e-05,-0.00113985275243334,0.0,0.0,0.0,0.0,0.0,0.0,0.0,0.0,0.0,4.668731689453125e-10
12.352194541154898,-0.5759145122580444,0.018315367697389034,0.9999993540450227,-2.9875598311941293e-05,2.4805015585553536e-05,-0.001140466702828341,0.0,0.0,0.0,0.0,0.0,0.0,0.0,0.0,0.0,3.4927368164062504e-10
12.694731510099116,-0.6003456444171922,0.018640893561123025,0.9999993464062266,-3.2580758613819796e-05,2.435029436936042e-05,-0.00113979457349876,0.0,0.0,0.0,0.0,0.0,0.0,0.0,0.0,0.0,2.3167419433593748e-10
13.03740351391771,-0.6247398465903199,0.018959765142379008,0.9999993963671575,-3.264308469009585e-05,2.559247115410476e-05,-0.0011394381442884904,0.0,0.0,0.0,0.0,0.0,0.0,0.0,0.0,0.0,1.14105224609375e-10
13.380076129057008,-0.6491169197750252,0.0192708724479954,0.9999993510341008,-3.2917195227115354e-05,2.5587705214380528e-05,-0.0011403055526919743,0.0,0.0,0.0,0.0,0.0,0.0,0.0,0.0,0.0,9.9652099609375e-10
13.72269767819253,-0.6738987438777594,0.019574339371067704,0.9999993298924252,-3.2810626998941196e-05,2.531497921386644e-05,-0.0011400782901920625,0.0,0.0,0.0,0.0,0.0,0.0,0.0,0.0,0.0,8.789215087890625e-10
14.065054642847244,-0.6997281673745699,0.019868943417878253,0.9999993957758211,-3.3062415621987364e-05,2.4786212739035047e-05,-0.001139774751713011,0.0,0.0,0.0,0.0,0.0,0.0,0.0,0.0,0.0,7.613525390625001e-10
14.407518888215286,-0.7256376682570014,0.020159550377797153,0.999999359001388,-3.3373443367566064e-05,2.477878836784308e-05,-0.001133405779789577,0.0,0.0,0.0,0.0,0.0,0.0,0.0,0.0,0.0,6.437530517578126e-10
14.750059497788694,-0.7493745416404815,0.020453867053252486,0.9999994281417367,-4.493763930362804e-05,2.337287771381014e-05,-0.0010442435175882724,0.0,0.0,0.0,0.0,0.0,0.0,0.0,0.0,0.0,5.26153564453125e-10
15.05867708270727,-0.7670152843315119,0.020720137614236807,0.9999996383973881,-6.139376925801772e-05,1.9885867214301716e-05,-0.0008775419419919862,0.0,0.0,0.0,0.0,0.0,0.0,0.0,0.0,0.0,5.203399658203126e-10
15.401745856677723,-0.7808011932996407,0.021008201288577524,0.999999707586786,-6.230326689522107e-05,1.7946248296284518e-05,-0.0007694657861094645,0.0,0.0,0.0,0.0,0.0,0.0,0.0,0.0,0.0,4.0275573730468746e-10
15.744943122075176,-0.790920872906745,0.021293301406788263,0.9999997305383344,-5.108221784015618e-05,1.760572172321967e-05,-0.0007756361932110883,0.0,0.0,0.0,0.0,0.0,0.0,0.0,0.0,0.0,2.8515625e-10
16.088090574025674,-0.8024000630966488,0.021588575340291148,0.9999995701828718,-2.7445447436518418e-05,2.0427660558661053e-05,-0.00091453120939409,0.0,0.0,0.0,0.0,0.0,0.0,0.0,0.0,0.0,1.6758728027343752e-10
16.431113777960636,-0.8198502885815175,0.021890257478542376,0.9999992965049641,1.475569373764442e-06,2.467884420141415e-05,-0.0011776010239275326,0.0,0.0,0.0,0.0,0.0,0.0,0.0,0.0,0.0,4.997253417968751e-11
16.773333874036446,-0.8467098364667618,0.022187028260100935,0.9999989847049251,1.649419518637969e-05,2.7659275947448886e-05,-0.0014259689594459841,0.0,0.0,0.0,0.0,0.0,0.0,0.0,0.0,0.0,9.324035644531251e-10
17.115135540029318,-0.8805122785525967,0.022472762782973874,0.9999988522025534,8.847134262313739e-06,2.861995392957761e-05,-0.0015173758031466434,0.0,0.0,0.0,0.0,0.0,0.0,0.0,0.0,0.0,8.148040771484374e-10
17.456667796647263,-0.9168721648285483,0.022741691177588546,0.9999988266115593,-2.5582340955810405e-06,2.986565292447101e-05,-0.0015426126576630805,0.0,0.0,0.0,0.0,0.0,0.0,0.0,0.0,0.0,6.97235107421875e-10
17.79782072407759,-0.9545143836606272,0.022985082965139864,0.9999987736117307,-1.2498091692739452e-05,3.0193619568285186e-05,-0.0015499141998272703,0.0,0.0,0.0,0.0,0.0,0.0,0.0,0.0,0.0,5.796356201171874e-10
18.13672805103989,-0.9932796482257025,0.023265461822973222,0.9999987936155788,-2.1176793746234313e-05,3.064741228502978e-05,-0.0015516513541333357,0.0,0.0,0.0,0.0,0.0,0.0,0.0,0.0,0.0,4.620361328125e-10
18.465443273365985,-1.03354192428941,0.023947189037389165,0.9999987802342967,-2.747110168001494e-05,3.242199422672045e-05,-0.0015507104568409991,0.0,0.0,0.0,0.0,0.0,0.0,0.0,0.0,0.0,3.4446716308593745e-10
18.77728226324335,-1.075224315274081,0.024729531439621016,0.9999988147290331,-6.821226427871406e-05,5.036238389382205e-05,-0.001547493474416219,0.0,0.0,0.0,0.0,0.0,0.0,0.0,0.0,0.0,2.2688293457031247e-10
19.07516989916625,-1.116225464507288,0.022749054937411424,0.9999987730552873,-0.00013616543310746563,0.00022133147591146354,-0.0015393585265386196,0.0,0.0,0.0,0.0,0.0,0.0,0.0,0.0,0.0,1.09283447265625e-10
19.36507725782911,-1.1540623891634234,0.015303898877395987,0.9999987120037523,-0.00014234173010291707,0.00048235032724034934,-0.0015353456409728987,0.0,0.0,0.0,0.0,0.0,0.0,0.0,0.0,0.0,9.917144775390626e-10
19.65316872842875,-1.1860348376418761,0.0016481143041528021,0.9999985388230669,-7.681027446198796e-05,0.0007394304086019156,-0.0015368718719558892,0.0,0.0,0.0,0.0,0.0,0.0,0.0,0.0,0.0,8.74114990234375e-10
19.943818976110872,-1.2120348431941483,-0.0181121205028219,0.9999983646813357,7.211519243343527e-05,0.0009603804999851335,-0.0015430545421835453,0.0,0.0,0.0,0.0,0.0,0.0,0.0,0.0,0.0,7.565155029296874e-10
20.234965379887036,-1.2373122286083147,-0.0427177058854649,0.9999980628308577,0.00022229078420676012,0.001183437176970341,-0.0015490642005124436,0.0,0.0,0.0,0.0,0.0,0.0,0.0,0.0,0.0,6.38946533203125e-10
20.526786654469273,-1.2664282066578723,-0.07233954547472356,0.9999977182406833,0.00029835921988121046,0.001431650187174216,-0.0015496440515450356,0.0,0.0,0.0,0.0,0.0,0.0,0.0,0.0,0.0,5.213623046875e-10
20.82348490165458,-1.3013309266193067,-0.10976115170462174,0.9999973127780121,0.00031695215193845906,0.0017048618048800307,-0.0015446177822217239,0.0,0.0,0.0,0.0,0.0,0.0,0.0,0.0,0.0,4.0376281738281255e-10
21.130010291142888,-1.341247255414842,-0.15669797367137794,0.9999967997723623,0.000328171696028707,0.0019773436245031717,-0.0015383623210161637,0.0,0.0,0.0,0.0,0.0,0.0,0.0,0.0,0.0,2.8619384765625e-10
21.449931388241204,-1.381793212195062,-0.21264168488306373,0.9999964823282209,0.00026001462147607436,0.002144678136407745,-0.0015235286105351423,0.0,0.0,0.0,0.0,0.0,0.0,0.0,0.0,0.0,1.6859436035156248e-10
21.782257615588524,-1.4213405675365016,-0.27520571883965406,0.9999964825895383,0.00023466803764964406,0.002168963061984377,-0.001519157136679097,0.0,0.0,0.0,0.0,0.0,0.0,0.0,0.0,0.0,5.0994873046875005e-11
22.11931896677341,-1.4614175841004764,-0.3399478732350824,0.9999965176940112,0.00022651605146746577,0.002153457751352406,-0.0015109986139515276,0.0,0.0,0.0,0.0,0.0,0.0,0.0,0.0,0.0,9.334259033203126e-10
22.45738387046352,-1.5004765435349847,-0.40453205764590605,0.9999966559721235,0.00021963433117519127,0.0021296731210289303,-0.001418654615283847,0.0,0.0,0.0,0.0,0.0,0.0,0.0,0.0,0.0,8.158416748046874e-10
22.796139917631788,-1.534457204357773,-0.4686447727439797,0.9999970250090398,0.00021423761262435144,0.0021049495324934535,-0.0011967709803915572,0.0,0.0,0.0,0.0,0.0,0.0,0.0,0.0,0.0,6.982421875e-10
23.141549012601953,-1.5699875344695344,-0.5331952958222105,0.9999973018961053,0.00021937538962636457,0.002084017738512843,-0.0009869243479621054,0.0,0.0,0.0,0.0,0.0,0.0,0.0,0.0,0.0,5.806427001953124e-10
23.501970584897077,-1.6200206891398035,-0.599417447129851,0.9999973853164278,0.00023165325080619367,0.0020697629597374798,-0.0009207748897378137,0.0,0.0,0.0,0.0,0.0,0.0,0.0,0.0,0.0,4.6307373046875e-10
23.876276292408043,-1.6754478455722865,-0.6653040042850051,0.9999978125996472,-6.15298694243847e-05,0.0018742937801879433,-0.0008859318568083018,0.0,0.0,0.0,0.0,0.0,0.0,0.0,0.0,0.0,3.454742431640625e-10
24.25661077061675,-1.7150611420615323,-0.7268673844051399,0.999998272644947,-0.00023839858081975947,0.0016454085683487352,-0.0008526417799141384,0.0,0.0,0.0,0.0,0.0,0.0,0.0,0.0,0.0,2.279052734375e-10
24.641132926105005,-1.7367036379000917,-0.7825595986487451,0.9999986023216687,-0.00027818882217002847,0.0014174375726230884,-0.0008323355910031014,0.0,0.0,0.0,0.0,0.0,0.0,0.0,0.0,0.0,1.10321044921875e-10
25.0302323359015,-1.7474249549762608,-0.8318605497367575,0.9999989012093393,-0.00025702755386427145,0.0011694820768269234,-0.0008243049366237241,0.0,0.0,0.0,0.0,0.0,0.0,0.0,0.0,0.0,9.927215576171875e-10
25.42483582851304,-1.750085284768819,-0.8740840196804917,0.9999992501092139,-0.0002006668535972667,0.0009009226286142875,-0.0008267546817822301,0.0,0.0,0.0,0.0,0.0,0.0,0.0,0.0,0.0,8.751220703125e-10
25.82506661039495,-1.7464197774993382,-0.9082917824007396,0.9999994214599821,-0.00011025482714716366,0.0006125492485364228,-0.0008402319507024787,0.0,0.0,0.0,0.0,0.0,0.0,0.0,0.0,0.0,7.575531005859374e-10
26.233999393874146,-1.7417192401253663,-0.9335096256001009,0.9999995459198948,2.016565420035218e-05,0.0003007273623383207,-0.0008611275935524988,0.0,0.0,0.0,0.0,0.0,0.0,0.0,0.0,0.0,6.3995361328125e-10
26.653289940316416,-1.741112111150801,-0.9483463303931722,0.9999995427711552,0.00015262471812646915,-5.7904091279404486e-05,-0.0008950090816983364,0.0,0.0,0.0,0.0,0.0,0.0,0.0,0.0,0.0,5.223846435546875e-10
27.079714416558172,-1.74404438676626,-0.9501799192586774,0.999999388589234,0.00022932354644616555,-0.0004958093926025268,-0.0009344396610384652,0.0,0.0,0.0,0.0,0.0,0.0,0.0,0.0,0.0,4.0480041503906255e-10
27.509190982227647,-1.7487906262287773,-0.9365647407789626,0.9999990185467446,0.00029898142554653245,-0.0009620282078164552,-0.0009745975502785156,0.0,0.0,0.0,0.0,0.0,0.0,0.0,0.0,0.0,2.87200927734375e-10
27.93915091630388,-1.754717089260468,-0.906804990330779,0.9999983891617087,0.0003698005771885453,-0.0014287104610683822,-0.001012934424496939,0.0,0.0,0.0,0.0,0.0,0.0,0.0,0.0,0.0,1.6960144042968752e-10
28.368093055587234,-1.7614762244040008,-0.8598454009415721,0.9999975519512959,0.00044062915782916,-0.0018954880909148525,-0.001050191808681205,0.0,0.0,0.0,0.0,0.0,0.0,0.0,0.0,0.0,5.2032470703125006e-11
28.79570292188434,-1.7688913467828435,-0.7927047980727268,0.9999964811257113,0.0005111998191598625,-0.002361123540506684,-0.0010887097770502334,0.0,0.0,0.0,0.0,0.0,0.0,0.0,0.0,0.0,9.344329833984375e-10
29.21712544036085,-1.7807687720986844,-0.7047766997232426,0.9999951941478262,0.0005813418382028165,-0.002828174015381681,-0.0011264319161756935,0.0,0.0,0.0,0.0,0.0,0.0,0.0,0.0,0.0,8.16864013671875e-10
29.61549625470083,-1.8093204895882236,-0.6016361682044256,0.99999367972709,0.0006511713542363211,-0.0032942036373373334,-0.0011627847468173027,0.0,0.0,0.0,0.0,0.0,0.0,0.0,0.0,0.0,6.992645263671874e-10
29.967265973804125,-1.862969351730271,-0.4940645249169523,0.999991992513174,0.0007217975850005217,-0.0037628590985078246,-0.001199117224993914,0.0,0.0,0.0,0.0,0.0,0.0,0.0,0.0,0.0,5.816802978515624e-10
30.239048083972488,-1.9412198542604249,-0.40065253828931263,0.9999909709442113,0.00048724787407370383,-0.00402945702742835,-0.0012590663396710256,0.0,0.0,0.0,0.0,0.0,0.0,0.0,0.0,0.0,4.64080810546875e-10
30.433775073855703,-2.0288903918192838,-0.3269483390522412,0.9999924416580973,-0.00020454010998236958,-0.0036083934458272563,-0.0014339833452027394,0.0,0.0,0.0,0.0,0.0,0.0,0.0,0.0,0.0,3.46527099609375e-10
30.606032977402823,-2.0919169491214573,-0.2590668518657773,0.9999939329820711,-0.0005092462672142426,-0.0030353239232286645,-0.0016003438656243768,0.0,0.0,0.0,0.0,0.0,0.0,0.0,0.0,0.0,2.2892761230468748e-10
30.789608740565235,-2.114926439426136,-0.18869322787180898,0.9999957996890153,-0.0005560785061197336,-0.002266582128231814,-0.0017249730174643655,0.0,0.0,0.0,0.0,0.0,0.0,0.0,0.0,0.0,1.1134338378906251e-10
30.989308498965176,-2.106135197173985,-0.1159989462138237,0.9999972379945232,-0.0004696015082978279,-0.0014423455353223635,-0.001815885604962964,0.0,0.0,0.0,0.0,0.0,0.0,0.0,0.0,0.0,9.93743896484375e-10
31.21258706629005,-2.0847258621189533,-0.046700644226828715,0.9999979318583305,-0.00023618975450762916,-0.00069480434564342,-0.0018884053622322727,0.0,0.0,0.0,0.0,0.0,0.0,0.0,0.0,0.0,8.7615966796875e-10
31.469693246930927,-2.077712756066273,0.008795801587843299,0.9999981446673214,0.0001608105425219561,-0.00019493079058912206,-0.001909812151441594,0.0,0.0,0.0,0.0,0.0,0.0,0.0,0.0,0.0,7.585601806640626e-10
31.760589410180867,-2.0927721182177175,0.04521408642337429,0.99999823838563,0.00028672787029149286,8.719953335596827e-05,-0.0018652300559975645,0.0,0.0,0.0,0.0,0.0,0.0,0.0,0.0,0.0,6.410064697265626e-10
32.07685354746365,-2.1225002201173666,0.061937179654994026,0.9999982655324381,0.0002737147572045663,0.0001653191949757824,-0.001852068175040164,0.0,0.0,0.0,0.0,0.0,0.0,0.0,0.0,0.0,5.234069824218751e-10
32.408195228298666,-2.1603079834941648,0.0642145333372252,0.9999982460767463,0.0002804118409795254,0.00013084396110874205,-0.0018507889265095968,0.0,0.0,0.0,0.0,0.0,0.0,0.0,0.0,0.0,4.058074951171875e-10
32.74285680028886,-2.200706040105058,0.060334815406362555,0.9999982416977367,0.00028748136898928847,7.849871432554885e-05,-0.0018513524506075744,0.0,0.0,0.0,0.0,0.0,0.0,0.0,0.0,0.0,2.8822326660156247e-10
33.0721960797634,-2.242127318801318,0.05388911794088441,0.9999982569494684,0.000292256809002938,3.220550661050595e-05,-0.0018505456753389008,0.0,0.0,0.0,0.0,0.0,0.0,0.0,0.0,0.0,1.7063903808593752e-10
33.39085313567898,-2.2841552972017025,0.04620966173957176,0.9999984527366617,0.00018446760622594966,4.0858922931205196e-05,-0.0017541774551207995,0.0,0.0,0.0,0.0,0.0,0.0,0.0,0.0,0.0,5.303955078125e-11
33.70923447599087,-2.321376225737103,0.03917739571679549,0.9999987311782307,0.00022902492350827314,-1.7551430152823417e-05,-0.0015730457612717985,0.0,0.0,0.0,0.0,0.0,0.0,0.0,0.0,0.0,9.3548583984375e-10
34.04088063203591,-2.3478092448475576,0.034560295548884616,0.9999990809870507,0.0003814985503512804,-0.00013322323057242283,-0.0012831378964928558,0.0,0.0,0.0,0.0,0.0,0.0,0.0,0.0,0.0,8.178863525390626e-10
34.38294086931788,-2.3655618645560326,0.03193341290839568,0.9999994262240011,0.000419126388385799,-0.00019037146317871646,-0.0009536171370666121,0.0,0.0,0.0,0.0,0.0,0.0,0.0,0.0,0.0,7.002868652343751e-10
34.727702933990585,-2.378929423409359,0.030279787528851868,0.9999995385083966,0.000441799970866879,-0.00021675170901688033,-0.0008022665894002053,0.0,0.0,0.0,0.0,0.0,0.0,0.0,0.0,0.0,5.8270263671875e-10
35.07284385637066,-2.3900257623817245,0.029216804956575106,0.9999995884762731,0.0004648705095263294,-0.00023019756886758953,-0.0007748680279333405,0.0,0.0,0.0,0.0,0.0,0.0,0.0,0.0,0.0,4.65118408203125e-10
35.418359125747564,-2.4016207667974476,0.028286270608089987,0.9999995790551064,0.00048098434432138873,-0.00023938678592536774,-0.000769095722992261,0.0,0.0,0.0,0.0,0.0,0.0,0.0,0.0,0.0,3.4751892089843747e-10
35.766339216567054,-2.4208722075658007,0.026160430638417997,0.9999995455124515,0.0004944697603502925,-0.00024487004956783096,-0.0007688788508443483,0.0,0.0,0.0,0.0,0.0,0.0,0.0,0.0,0.0,2.2996520996093748e-10
36.117448839809455,-2.4489750467911033,0.022688195588276554,0.9999995778941843,0.0004973229054764096,-0.00025190423862186246,-0.0007219366012597425,0.0,0.0,0.0,0.0,0.0,0.0,0.0,0.0,0.0,1.1236572265625002e-10
36.46383389950882,-2.468634648034587,0.02136097531202587,0.9999996875355729,0.00039357921556248455,-0.0003104451265947204,-0.0005434435648634337,0.0,0.0,0.0,0.0,0.0,0.0,0.0,0.0,0.0,9.947662353515623e-10
36.801937268167215,-2.468846475556471,0.023889965941952626,0.9999998420299281,0.0004397691541771926,-0.0003074830554349498,-0.00019225814034675378,0.0,0.0,0.0,0.0,0.0,0.0,0.0,0.0,0.0,8.771820068359374e-10
37.13849814579056,-2.4584002838672454,0.026971128362243947,0.9999997441291125,0.0005769806429031295,-0.00025079992091056786,0.00021708812672046986,0.0,0.0,0.0,0.0,0.0,0.0,0.0,0.0,0.0,7.595977783203126e-10
37.47840688019303,-2.4433802501902133,0.02841411744178076,0.9999996193451388,0.000596168932485665,-0.0002546673367227874,0.0006415819202141679,0.0,0.0,0.0,0.0,0.0,0.0,0.0,0.0,0.0,6.419982910156251e-10
37.818880223001905,-2.4208088861254566,0.029007505577625405,0.9999993137453126,0.0006017740962177839,-0.0002691708711614278,0.0009565225324377636,0.0,0.0,0.0,0.0,0.0,0.0,0.0,0.0,0.0,5.243988037109376e-10
38.159012264661776,-2.387982639586032,0.02934407620426801,0.999999220224432,0.0006226731633834387,-0.0002736547081895388,0.0010666212380945476,0.0,0.0,0.0,0.0,0.0,0.0,0.0,0.0,0.0,4.068450927734375e-10
38.49953267920431,-2.3440425092803205,0.029350114354361734,0.9999992252625403,0.0006005547734361218,-0.0002566635983008986,0.0010473509532735762,0.0,0.0,0.0,0.0,0.0,0.0,0.0,0.0,0.0,2.8924560546875004e-10
38.84105364231664,-2.293300161852123,0.029149490509252977,0.9999993183488209,0.000686404597002912,-0.00026580792150905137,0.0008893827535600442,0.0,0.0,0.0,0.0,0.0,0.0,0.0,0.0,0.0,1.71661376953125e-10
39.18273893589327,-2.245852555099315,0.02916152021227226,0.9999995142926043,0.000737601708109099,-0.00025648461164909955,0.0005862561242571339,0.0,0.0,0.0,0.0,0.0,0.0,0.0,0.0,0.0,5.40771484375e-11
39.52491799876348,-2.2088477760884695,0.029473613317269578,0.9999996501685846,0.0007737311541404096,-0.00023895507281408582,0.00020008438094766353,0.0,0.0,0.0,0.0,0.0,0.0,0.0,0.0,0.0,9.364776611328127e-10
39.8674877141715,-2.1861366017934523,0.029884350969900206,0.9999996281438285,0.0007890866155085971,-0.0002236456884861677,-0.00014165839212816432,0.0,0.0,0.0,0.0,0.0,0.0,0.0,0.0,0.0,8.188781738281251e-10
40.210770901926736,-2.176148320399362,0.030286953021094538,0.999999647133626,0.0007760076672873405,-0.0002170264745746048,-0.00027893746930703056,0.0,0.0,0.0,0.0,0.0,0.0,0.0,0.0,0.0,7.012939453125e-10
40.55403010297823,-2.1734094410832934,0.03066374141516313,0.999999656473069,0.0007569680785731638,-0.00021399674921352338,-0.0003167200203292621,0.0,0.0,0.0,0.0,0.0,0.0,0.0,0.0,0.0,5.837249755859376e-10
40.896780192882325,-2.1726749836381543,0.03111077912483321,0.9999996331547206,0.000739190288018761,-0.0002117524135768434,-0.00032714862490756084,0.0,0.0,0.0,0.0,0.0,0.0,0.0,0.0,0.0,4.661407470703124e-10
41.23810053981243,-2.169683018032754,0.03174298204763274,0.9999996561660229,0.0007004051639511814,-0.00022362172255794863,-0.000325395455877884,0.0,0.0,0.0,0.0,0.0,0.0,0.0,0.0,0.0,3.4855651855468747e-10
41.57998647869915,-2.1672317630785995,0.03221016273552388,0.999999612412523,0.0008198067060470454,-0.00017127002677437653,-0.00032532287942825663,0.0,0.0,0.0,0.0,0.0,0.0,0.0,0.0,0.0,2.3095703125e-10
41.92413786107611,-2.1705829494751048,0.03206104283016311,0.9999996812591313,0.0007308727506278699,-0.00020221684775312564,-0.000339975686533351,0.0,0.0,0.0,0.0,0.0,0.0,0.0,0.0,0.0,1.1335754394531249e-10
42.269668238089885,-2.1773455994676283,0.031686581628489266,0.9999996888688967,0.0006993321622970205,-0.00021397946390860862,-0.00034434412498109937,0.0,0.0,0.0,0.0,0.0,0.0,0.0,0.0,0.0,9.957733154296876e-10
42.61404381193198,-2.1827930268251783,0.03167313327732525,0.9999996616451413,0.0006866879857178083,-0.00021688419123220876,-0.0003245120505645512,0.0,0.0,0.0,0.0,0.0,0.0,0.0,0.0,0.0,8.78204345703125e-10
42.95766065141936,-2.1864499238447097,0.03196180895925879,0.9999997081096094,0.0006677113655873823,-0.00022173788463835767,-0.0001966536913861802,0.0,0.0,0.0,0.0,0.0,0.0,0.0,0.0,0.0,7.606201171875e-10
43.3008072351201,-2.1887346885301473,0.03234485837867058,0.9999997541302369,0.0006404271794990761,-0.00023544721497990845,5.717048773089747e-05,0.0,0.0,0.0,0.0,0.0,0.0,0.0,0.0,0.0,6.430206298828124e-10
43.642764970119146,-2.187992722332136,0.03284645454705272,0.9999996909144545,0.0006225132149097932,-0.00025013266243561686,0.00033691895670234437,0.0,0.0,0.0,0.0,0.0,0.0,0.0,0.0,0.0,5.254364013671876e-10
43.98298375214474,-2.181639851036627,0.033454545313880986,0.9999996493170332,0.0006298369323110248,-0.00025503290418020107,0.0004515565442213854,0.0,0.0,0.0,0.0,0.0,0.0,0.0,0.0,0.0,4.078369140625e-10
44.324128477181354,-2.1655453488505634,0.03384424032922355,0.9999996792264692,0.0005324092879136625,-0.000218288070807527,0.0005113404671318168,0.0,0.0,0.0,0.0,0.0,0.0,0.0,0.0,0.0,2.9025268554687503e-10
44.66829142431414,-2.138628187425016,0.033868377130230554,0.9999995564896871,0.0006547904430015935,-0.00027562014980010566,0.0006230885246186864,0.0,0.0,0.0,0.0,0.0,0.0,0.0,0.0,0.0,1.7268371582031248e-10
45.012719879349596,-2.108953768566042,0.03390737260452021,0.9999993850898904,0.0006234864667110635,-0.0002759725574565579,0.0008569368009798607,0.0,0.0,0.0,0.0,0.0,0.0,0.0,0.0,0.0,5.5084228515625e-11
45.355672018280025,-2.0806918218950607,0.034207738226025845,0.9999990669134817,0.0006018458076542792,-0.0002938705538735583,0.0011991966209227226,0.0,0.0,0.0,0.0,0.0,0.0,0.0,0.0,0.0,9.375e-10
45.69752083340377,-2.0466814091455494,0.03464273792296909,0.9999985025752499,0.000582713268769163,-0.00032064295806061885,0.0016330630494474213,0.0,0.0,0.0,0.0,0.0,0.0,0.0,0.0,0.0,8.199157714843751e-10
46.038235958063765,-2.0004086491334228,0.03509368170630449,0.9999976340647826,0.0005743632261328507,-0.0003470969266107384,0.0020756262125885745,0.0,0.0,0.0,0.0,0.0,0.0,0.0,0.0,0.0,7.023162841796876e-10
46.3762132408895,-1.939142678993631,0.035542280071774394,0.9999970682479175,0.0005922719028091259,-0.00035776477958728025,0.00232782774615055,0.0,0.0,0.0,0.0,0.0,0.0,0.0,0.0,0.0,5.847473144531251e-10
46.710525320150225,-1.8629515618515191,0.035659040006639185,0.9999969630645171,0.0006256804793102572,-0.00035652212192657454,0.002376342478271111,0.0,0.0,0.0,0.0,0.0,0.0,0.0,0.0,0.0,4.671630859375e-10
47.04042998259251,-1.775574628164483,0.0346960543946416,0.9999971502336653,0.0006903589121141967,-0.0003339421278328534,0.0022547574193186367,0.0,0.0,0.0,0.0,0.0,0.0,0.0,0.0,0.0,3.4956359863281245e-10
47.369000431265846,-1.6853236090995158,0.032837019473039915,0.9999977031066529,0.0007626313101568057,-0.00031882351533468544,0.00196454714879701,0.0,0.0,0.0,0.0,0.0,0.0,0.0,0.0,0.0,2.3196411132812502e-10
47.702383372813884,-1.605284303865986,0.03133767555513274,0.9999984795878716,0.0006698014309127908,-0.0003603412384985819,0.0015734259386268824,0.0,0.0,0.0,0.0,0.0,0.0,0.0,0.0,0.0,1.1439514160156249e-10
48.04165945227042,-1.5401147341778956,0.03076311159515211,0.9999991158715802,0.0006701484993591815,-0.000357605602984366,0.0010710132619416363,0.0,0.0,0.0,0.0,0.0,0.0,0.0,0.0,0.0,9.96795654296875e-10
48.38289871944008,-1.4867087502757497,0.03096103230665138,0.9999995538587717,0.0006897014944771765,-0.0003431158085949854,0.000513930870979263,0.0,0.0,0.0,0.0,0.0,0.0,0.0,0.0,0.0,8.792266845703124e-10
48.7247889688726,-1.4469914898113259,0.031636874033497464,0.9999997226441287,0.0007048733736161405,-0.00032340419512235074,-4.262747993868829e-05,0.0,0.0,0.0,0.0,0.0,0.0,0.0,0.0,0.0,7.616271972656251e-10
49.067276859747366,-1.4264038790019589,0.03241920698849388,0.9999996450268704,0.0006970387331485211,-0.00030797977092279934,-0.0004267102977061913,0.0,0.0,0.0,0.0,0.0,0.0,0.0,0.0,0.0,6.4404296875e-10
49.410334183666556,-1.423102929444711,0.03307944069583188,0.9999995838925232,0.0006634321599407504,-0.00030055484386410286,-0.0005225039115596876,0.0,0.0,0.0,0.0,0.0,0.0,0.0,0.0,0.0,5.264434814453124e-10
49.75328312757937,-1.4306451283033,0.03352865323010147,0.9999996599179476,0.0006152714457005256,-0.00030135850577061034,-0.00040564108255934254,0.0,0.0,0.0,0.0,0.0,0.0,0.0,0.0,0.0,4.0887451171875004e-10
50.09608962977105,-1.4418418240342568,0.03411723505045126,0.9999998060752375,0.0005760087347113661,-0.00031719629230298493,-0.00014300236397248975,0.0,0.0,0.0,0.0,0.0,0.0,0.0,0.0,0.0,2.912750244140625e-10
50.43875793379494,-1.4496363448496414,0.03531987974486166,0.9999996830392859,0.0006362947927527442,-0.0003942141868682897,0.00023871879550843212,0.0,0.0,0.0,0.0,0.0,0.0,0.0,0.0,0.0,1.73675537109375e-10
50.78114631900885,-1.450082471351562,0.036830513779847765,0.999999546288615,0.000506062161569477,-0.0003602327247276818,0.0006969751667937355,0.0,0.0,0.0,0.0,0.0,0.0,0.0,0.0,0.0,5.6106567382812495e-11
51.122491007497686,-1.4404419504986878,0.03810863490728172,0.9999991383620167,0.0004526079202983895,-0.0003694322475758765,0.001168201834773783,0.0,0.0,0.0,0.0,0.0,0.0,0.0,0.0,0.0,9.385223388671876e-10
51.46323583536241,-1.4175575820156932,0.03907423659390604,0.999998445942703,0.00042800439762101045,-0.0003957735932921249,0.001661195424058434,0.0,0.0,0.0,0.0,0.0,0.0,0.0,0.0,0.0,8.209228515625e-10
51.80349161546925,-1.378557342857249,0.03976086308913952,0.9999974888112549,0.00041643181204726183,-0.0004260638179851936,0.002168101856409516,0.0,0.0,0.0,0.0,0.0,0.0,0.0,0.0,0.0,7.033538818359376e-10
52.142718431487,-1.3223371452957835,0.040160368454376,0.9999961547978672,0.0003894105324359547,-0.0004537406612993597,0.002709926446864131,0.0,0.0,0.0,0.0,0.0,0.0,0.0,0.0,0.0,5.857543945312501e-10
52.48016844648263,-1.2480953914981847,0.04040657029652347,0.9999939432724568,0.0003854118536318986,-0.0004965888579825979,0.0034152365021204354,0.0,0.0,0.0,0.0,0.0,0.0,0.0,0.0,0.0,4.681549072265625e-10
52.81318868282053,-1.1550308036808052,0.041143835858590785,0.999991147549125,0.0005432303210179078,-0.0005732921314493894,0.004131850852288547,0.0,0.0,0.0,0.0,0.0,0.0,0.0,0.0,0.0,3.505859375e-10
53.139747802222885,-1.0433999598745503,0.042757602463365456,0.9999885567291142,0.0005762128486787915,-0.0006000494169042155,0.004705152814200584,0.0,0.0,0.0,0.0,0.0,0.0,0.0,0.0,0.0,2.33001708984375e-10
53.45834272191771,-0.9166380231351555,0.04471645074752477,0.9999874653215357,0.0005959056148735896,-0.0005950861916217055,0.004929586002205831,0.0,0.0,0.0,0.0,0.0,0.0,0.0,0.0,0.0,1.1540222167968749e-10
53.768656127709356,-0.7795664406523938,0.04647028562749015,0.9999872588742023,0.0006110320417848979,-0.0005799312020897334,0.004973742997197718,0.0,0.0,0.0,0.0,0.0,0.0,0.0,0.0,0.0,9.97833251953125e-10
54.069884326994995,-0.6397813552932354,0.047672375684094104,0.9999872148543107,0.0006182089029919668,-0.0005664318113354018,0.004985170835449342,0.0,0.0,0.0,0.0,0.0,0.0,0.0,0.0,0.0,8.802337646484375e-10
54.330398308866954,-0.5172271546394981,0.048183482897407974,0.9999872484801089,0.0006262579273355732,-0.000557127001700413,0.00498143176583113,0.0,0.0,0.0,0.0,0.0,0.0,0.0,0.0,0.0,7.6263427734375e-10
54.464569771033254,-0.45293835398515103,0.04816558114771037,0.9999877149728199,0.0006520446115526709,-0.0005476135892195637,0.004891693670364716,0.0,0.0,0.0,0.0,0.0,0.0,0.0,0.0,0.0,6.450653076171876e-10
54.429458549605044,-0.46705137474207686,0.04786201451247661,0.999988088558354,0.0006427214630516107,-0.000528560204075739,0.004813635917604497,0.0,0.0,0.0,0.0,0.0,0.0,0.0,0.0,0.0,5.274810791015624e-10
54.249498159961256,-0.5475882050247632,0.047587508429898916,0.9999881848813981,0.0006337788300193591,-0.0005119855590119469,0.004791039311077326,0.0,0.0,0.0,0.0,0.0,0.0,0.0,0.0,0.0,4.09881591796875e-10
53.97122849476573,-0.6729227676474587,0.04748298170206386,0.9999881673282154,0.0006327528710980065,-0.0005025492231808878,0.004798439264216602,0.0,0.0,0.0,0.0,0.0,0.0,0.0,0.0,0.0,2.9228210449218753e-10
53.66005901816435,-0.8133706279419891,0.047469685463367634,0.9999880494135263,0.000634236319950573,-0.0004972744058364088,0.004820344724179263,0.0,0.0,0.0,0.0,0.0,0.0,0.0,0.0,0.0,1.74713134765625e-10
53.3476582012516,-0.9533173018664599,0.04750316751229033,0.999988041672486,0.0006397895479868394,-0.0004908063580740037,0.004818158176489926,0.0,0.0,0.0,0.0,0.0,0.0,0.0,0.0,0.0,5.711364746093751e-11
53.034434337143324,-1.0901042991791192,0.04760119329627962,0.9999883404671845,0.000651578529798875,-0.0004822847452083857,0.004751847827909563,0.0,0.0,0.0,0.0,0.0,0.0,0.0,0.0,0.0,9.39544677734375e-10
52.71908335717307,-1.2217873696290575,0.04797935218286621,0.9999891518122882,0.0006738172377170448,-0.000467918405154762,0.0045852330845714264,0.0,0.0,0.0,0.0,0.0,0.0,0.0,0.0,0.0,8.2196044921875e-10
52.40081954526542,-1.3459867772839444,0.04897928898083447,0.9999905335260701,0.0005235941708419554,-0.00040896909856752195,0.004295940286474363,0.0,0.0,0.0,0.0,0.0,0.0,0.0,0.0,0.0,7.043609619140624e-10
52.07874787758348,-1.4581551262543277,0.05020621881141237,0.9999919713960268,0.0006954391267073412,-0.000413406873466269,0.003918095762050671,0.0,0.0,0.0,0.0,0.0,0.0,0.0,0.0,0.0,5.86761474609375e-10
51.75323219140097,-1.5527993637688489,0.05092741402388606,0.9999937693678501,0.0007572398000596505,-0.00039478039805213364,0.003425897848697277,0.0,0.0,0.0,0.0,0.0,0.0,0.0,0.0,0.0,4.691925048828125e-10
51.4243699028188,-1.6319959500154233,0.0512784538688597,0.9999953784782237,0.0007786811714010769,-0.0003695356225503582,0.0029132488623625397,0.0,0.0,0.0,0.0,0.0,0.0,0.0,0.0,0.0,3.51593017578125e-10
51.093510073497335,-1.7012397591099322,0.05145584725602063,0.9999967045236331,0.000783974498178858,-0.0003461487710096653,0.0024194293787599113,0.0,0.0,0.0,0.0,0.0,0.0,0.0,0.0,0.0,2.340240478515625e-10
50.76369511901627,-1.7654281227294506,0.04950680880304416,0.9999977399204152,0.0007809976383261563,-0.00032535748053430687,0.001977938111539472,0.0,0.0,0.0,0.0,0.0,0.0,0.0,0.0,0.0,1.1643981933593748e-10
50.43740697720873,-1.8267149552371444,0.04373571482491917,0.9999983840690418,0.0007449385980773187,-0.0003208843852388402,0.0015828541130857854,0.0,0.0,0.0,0.0,0.0,0.0,0.0,0.0,0.0,9.9884033203125e-10
50.10629104015794,-1.875093824923538,0.038392111370288626,0.9999987974871092,0.0009562577771252885,-0.00014941775499735865,0.001196044281791097,0.0,0.0,0.0,0.0,0.0,0.0,0.0,0.0,0.0,8.812408447265624e-10
49.763328725016095,-1.900918137788336,0.03803431051205697,0.9999991389831474,0.0010179186464218633,-8.017582820861291e-05,0.0008733728506958151,0.0,0.0,0.0,0.0,0.0,0.0,0.0,0.0,0.0,7.636871337890624e-10
49.41619622854808,-1.9132495455134093,0.040425667073162225,0.9999993393707967,0.001025149857586958,-5.575076870371038e-05,0.0005488960797983578,0.0,0.0,0.0,0.0,0.0,0.0,0.0,0.0,0.0,6.460723876953124e-10
49.07351894639557,-1.9231446313674645,0.04247293630457193,0.9999994480313087,0.0010230139138911788,-4.1720453530544405e-05,0.00019724318921332821,0.0,0.0,0.0,0.0,0.0,0.0,0.0,0.0,0.0,5.285034179687501e-10
48.733991978285324,-1.9326180666303348,0.04391855299520513,0.9999995198963176,0.001003715096071985,-3.5546137148098476e-05,-6.107303215147489e-05,0.0,0.0,0.0,0.0,0.0,0.0,0.0,0.0,0.0,4.1090393066406254e-10
48.39698566909048,-1.9430784043198766,0.045026468524820895,0.9999994816809623,0.000961451679335154,-3.89411602644325e-05,-0.00010617237402794746,0.0,0.0,0.0,0.0,0.0,0.0,0.0,0.0,0.0,2.9331970214843753e-10
48.07126142953163,-1.9589792387769933,0.04589483793273715,0.999999622346083,0.0009095348605786999,-4.893124822071111e-05,3.455603578869666e-05,0.0,0.0,0.0,0.0,0.0,0.0,0.0,0.0,0.0,1.7572021484375002e-10
47.812760361373314,-1.9788628241288686,0.0464443922457929,0.9999996033266848,0.0008594239910007041,-6.572397798792673e-05,0.00029756972717874194,0.0,0.0,0.0,0.0,0.0,0.0,0.0,0.0,0.0,5.816650390625001e-11
47.77281536858412,-1.9877299474504773,0.04628436543018091,0.9999995984607012,0.0008355123387331236,-7.707524617219277e-05,0.00039364158942598135,0.0,0.0,0.0,0.0,0.0,0.0,0.0,0.0,0.0,9.405670166015623e-10
47.99747603581879,-1.9784844399853712,0.045378376398839584,0.9999995823531936,0.0008362343314073224,-8.860532313652831e-05,0.00036176559571282396,0.0,0.0,0.0,0.0,0.0,0.0,0.0,0.0,0.0,8.229827880859376e-10
48.33321657078017,-1.9605983983971147,0.044351655470791465,0.9999995514244946,0.0008360375222156868,-9.90969607684333e-05,0.00034723991222967727,0.0,0.0,0.0,0.0,0.0,0.0,0.0,0.0,0.0,7.053833007812501e-10
48.676588596636584,-1.9410724070897627,0.04360909933377604,0.9999995679792413,0.0008362698616764286,-0.00010566763562964776,0.0003425969619870152,0.0,0.0,0.0,0.0,0.0,0.0,0.0,0.0,0.0,5.87799072265625e-10
49.019727781352415,-1.92132423642312,0.043169150500388505,0.9999996150661039,0.000835943806250298,-0.00011064147553512449,0.00034086115472018987,0.0,0.0,0.0,0.0,0.0,0.0,0.0,0.0,0.0,4.701995849609374e-10
49.362969751255385,-1.901942348137142,0.04296481402666541,0.9999995923195906,0.0008356500872977248,-0.00011198861114487002,0.0003399066779677244,0.0,0.0,0.0,0.0,0.0,0.0,0.0,0.0,0.0,3.5264587402343754e-10
49.70614990109196,-1.8831357059683067,0.04287355226720207,0.9999995934854321,0.0008333725059792923,-0.0001136446178084986,0.00035049190417634423,0.0,0.0,0.0,0.0,0.0,0.0,0.0,0.0,0.0,2.3504638671875e-10
50.049748514042825,-1.8649932023007232,0.04298017917386867,0.9999995618302228,0.0007695035525562356,-0.00015866190060304498,0.00038911990769127907,0.0,0.0,0.0,0.0,0.0,0.0,0.0,0.0,0.0,1.1744689941406252e-10
50.39374301651618,-1.847491770309415,0.04351887246818084,0.9999996173881299,0.0007351786476214334,-0.0001777618796696533,0.0004219718717576158,0.0,0.0,0.0,0.0,0.0,0.0,0.0,0.0,0.0,9.998626708984375e-10
50.737644685021806,-1.828921305110905,0.044379599365585304,0.9999995704874246,0.0008121115695372426,-0.00013129331528022653,0.000438760932263694,0.0,0.0,0.0,0.0,0.0,0.0,0.0,0.0,0.0,8.822784423828124e-10
51.079226866689936,-1.8071843784541917,0.045222580396767145,0.9999995592555714,0.0008308086181568417,-0.00011987260600131923,0.00044248423126485973,0.0,0.0,0.0,0.0,0.0,0.0,0.0,0.0,0.0,7.64678955078125e-10
51.41768676474248,-1.7891307920709834,0.045612818038280975,0.9999995554007928,0.0008342925568762449,-0.00011732770483895812,0.0004428745634126506,0.0,0.0,0.0,0.0,0.0,0.0,0.0,0.0,0.0,6.47125244140625e-10
51.75252205450298,-1.784335363218538,0.04506956512446124,0.999999608360525,0.0007832610417356547,-9.899174427238365e-05,0.00045346829639542676,0.0,0.0,0.0,0.0,0.0,0.0,0.0,0.0,0.0,5.295257568359374e-10
52.08909782127063,-1.7779553746420023,0.043351672546275255,0.9999996097888306,0.0007301785953020858,-8.023081458885185e-05,0.0004969456340875903,0.0,0.0,0.0,0.0,0.0,0.0,0.0,0.0,0.0,4.1192626953125006e-10
52.43341787304604,-1.7478490548072325,0.040564724848524594,0.9999993753063197,0.0009566717124860858,-0.00016973728262086228,0.0005247305783390671,0.0,0.0,0.0,0.0,0.0,0.0,0.0,0.0,0.0,2.94342041015625e-10
52.78213011215554,-1.7044761691962302,0.03797244108868773,0.9999993170873157,0.0010117640559363086,-0.00019444284980081657,0.0005366228248143072,0.0,0.0,0.0,0.0,0.0,0.0,0.0,0.0,0.0,1.7675781250000002e-10
53.12810381946294,-1.6679421109214216,0.03691927943538533,0.999999294952073,0.0010223219094141955,-0.00020140551092504713,0.000541229213959246,0.0,0.0,0.0,0.0,0.0,0.0,0.0,0.0,0.0,5.915832519531249e-11
53.47144835833919,-1.6390015901501453,0.037069254751814856,0.9999993132427526,0.0010210296108725514,-0.0002006423754891576,0.0005410736368136362,0.0,0.0,0.0,0.0,0.0,0.0,0.0,0.0,0.0,9.415740966796875e-10
53.813449326872686,-1.6129456569708656,0.03764975480331159,0.9999993412795206,0.001017276936624782,-0.00019969462991866797,0.0005427830144213563,0.0,0.0,0.0,0.0,0.0,0.0,0.0,0.0,0.0,8.24005126953125e-10
54.15495360106034,-1.5879152680316508,0.03836235950682307,0.999999332736833,0.0010152692448480887,-0.00019748603677464483,0.0005419180573506528,0.0,0.0,0.0,0.0,0.0,0.0,0.0,0.0,0.0,7.064056396484374e-10
54.49696988336599,-1.5638366459118205,0.03898634799752113,0.9999993520357298,0.0010124536881607154,-0.0001948487517071363,0.0005413942856898617,0.0,0.0,0.0,0.0,0.0,0.0,0.0,0.0,0.0,5.888214111328125e-10
54.84147606541403,-1.5440316427956493,0.03918598131312786,0.9999993877404652,0.0008819825930440882,-0.0002714446527511031,0.0005594448194396541,0.0,0.0,0.0,0.0,0.0,0.0,0.0,0.0,0.0,4.712371826171874e-10
55.18851518377959,-1.5284703492084715,0.0390158585258507,0.9999993490895908,0.0009487544098286712,-0.00023937465254776427,0.0006414502019400746,0.0,0.0,0.0,0.0,0.0,0.0,0.0,0.0,0.0,3.5363769531250005e-10
55.53196360091997,-1.5067053753631345,0.03966170919829342,0.9999992339835723,0.0010340131909185363,-0.00018781804816411565,0.0006861546044927287,0.0,0.0,0.0,0.0,0.0,0.0,0.0,0.0,0.0,2.3603820800781246e-10
55.86914559640351,-1.4732932024106566,0.04165300937750083,0.9999992142249282,0.0010609701553980142,-0.0001698127951137542,0.000670686219391341,0.0,0.0,0.0,0.0,0.0,0.0,0.0,0.0,0.0,1.184539794921875e-10
56.20529467197435,-1.4368193171224612,0.043628278290585264,0.9999991809700342,0.0010713086766802648,-0.00016190182291313007,0.0006435034218281709,0.0,0.0,0.0,0.0,0.0,0.0,0.0,0.0,0.0,8.85009765625e-13
56.54436869247828,-1.4035482069190544,0.04472947368477774,0.9999992567296446,0.001088902778334417,-0.00015206239154631147,0.0005261817766214524,0.0,0.0,0.0,0.0,0.0,0.0,0.0,0.0,0.0,8.8330078125e-10
56.88503505067142,-1.3729535163763902,0.04535308870743056,0.9999993365089893,0.0010998949042215068,-0.00014350797916252,0.00038613800265328277,0.0,0.0,0.0,0.0,0.0,0.0,0.0,0.0,0.0,7.65716552734375e-10
57.22495496836922,-1.3488210058237595,0.04561662650026604,0.999999354713473,0.0010953752020955645,-0.00014088398799589046,0.000342955967694572,0.0,0.0,0.0,0.0,0.0,0.0,0.0,0.0,0.0,6.481170654296874e-10
57.55956999931111,-1.3415105726274366,0.045085708698504506,0.9999993495262657,0.001084951562282642,-0.0001378100859692654,0.000331359179953664,0.0,0.0,0.0,0.0,0.0,0.0,0.0,0.0,0.0,5.30517578125e-10
57.85008616235375,-1.3480514006889879,0.04356925224260265,0.9999995040883698,0.0009406474001313838,-8.53703287827313e-05,0.00037202747051749235,0.0,0.0,0.0,0.0,0.0,0.0,0.0,0.0,0.0,4.1293334960937504e-10
58.01979645464704,-1.3505911208456842,0.041289390798454347,0.9999991798150862,0.0012014979885886423,-0.0001872132244772678,0.000408502281026461,0.0,0.0,0.0,0.0,0.0,0.0,0.0,0.0,0.0,2.9536437988281247e-10
58.023284418198614,-1.3451662424269408,0.039006283401453505,0.9999993717825683,0.0010556530316940286,-0.00012799295976569574,0.0003957206364785632,0.0,0.0,0.0,0.0,0.0,0.0,0.0,0.0,0.0,1.7778015136718749e-10
57.84963332438684,-1.3410380983404335,0.037912463962196816,0.9999990645106908,0.0013112772940678697,-0.00021996988037454207,0.0003436971339599841,0.0,0.0,0.0,0.0,0.0,0.0,0.0,0.0,0.0,6.019592285156249e-11
57.54884267766975,-1.342803953494771,0.03783011855958394,0.999998949155534,0.0013832670152492173,-0.0002480927594058661,0.000328990107958222,0.0,0.0,0.0,0.0,0.0,0.0,0.0,0.0,0.0,9.425964355468751e-10
57.21107771037973,-1.3508848655350698,0.03769861776617301,0.9999989590652337,0.001397345025344801,-0.0002518574332950823,0.00031593553640544414,0.0,0.0,0.0,0.0,0.0,0.0,0.0,0.0,0.0,8.249969482421874e-10
56.87135121707118,-1.362349297774734,0.037420552909733215,0.9999989826304743,0.0014074468559469278,-0.0002391920197238168,0.00022460050073533607,0.0,0.0,0.0,0.0,0.0,0.0,0.0,0.0,0.0,7.074127197265626e-10
56.53078845608804,-1.3722936215548263,0.03745866919443895,0.9999989629372215,0.0014223257629126934,-0.0002169877056599767,2.8205679967109987e-05,0.0,0.0,0.0,0.0,0.0,0.0,0.0,0.0,0.0,5.898437500000001e-10
56.18966333757639,-1.3762184609709733,0.03787786853325986,0.9999989072559718,0.0014422895589050182,-0.0001883177963222699,-0.0002656067964227632,0.0,0.0,0.0,0.0,0.0,0.0,0.0,0.0,0.0,4.72259521484375e-10
55.84912134450616,-1.3710826090604609,0.03827485684082787,0.9999987441785496,0.001461829964725928,-0.00015635278979568172,-0.0006221793949549434,0.0,0.0,0.0,0.0,0.0,0.0,0.0,0.0,0.0,3.5466003417968746e-10
55.51268929874152,-1.3620148737098512,0.03649745496482727,0.9999984077423834,0.0014419568922900458,-0.00013748072930002095,-0.0010161810112582848,0.0,0.0,0.0,0.0,0.0,0.0,0.0,0.0,0.0,2.3707580566406246e-10
55.182889466074265,-1.353040943619831,0.03087558401857432,0.999997889366075,0.0014077842634302124,-0.00011552469637752661,-0.0014858740980410626,0.0,0.0,0.0,0.0,0.0,0.0,0.0,0.0,0.0,1.1947631835937502e-10
54.85089531547445,-1.325489325677358,0.0258913505605833,0.9999967463776233,0.0016392235512213776,4.410010472989689e-05,-0.001959992910617416,0.0,0.0,0.0,0.0,0.0,0.0,0.0,0.0,0.0,1.9073486328125003e-12
54.50860651083234,-1.2633313661738403,0.026237174537918646,0.9999961542813103,0.001682442601544351,9.901442027579311e-05,-0.002192497266054111,0.0,0.0,0.0,0.0,0.0,0.0,0.0,0.0,0.0,8.843231201171876e-10
54.16266523542058,-1.1908919114098375,0.029355002860471553,0.9999962098481875,0.0016598069926203483,0.00010943366872359483,-0.0021914231856409996,0.0,0.0,0.0,0.0,0.0,0.0,0.0,0.0,0.0,7.667236328125001e-10
53.82056211820377,-1.134662503582188,0.03188008734234921,0.99999662273598,0.0016219516116113045,9.948995631354498e-05,-0.0020392453259087742,0.0,0.0,0.0,0.0,0.0,0.0,0.0,0.0,0.0,6.491241455078126e-10
53.48124645180699,-1.0948024586167664,0.033687750935288086,0.9999972203293594,0.001583055244916192,7.7753586146402e-05,-0.0017573197568045743,0.0,0.0,0.0,0.0,0.0,0.0,0.0,0.0,0.0,5.3155517578125e-10
53.14172993300266,-1.06744841703343,0.03521304157159182,0.9999978886006898,0.0015473782445219614,4.674938734077914e-05,-0.0013680988761200481,0.0,0.0,0.0,0.0,0.0,0.0,0.0,0.0,0.0,4.1395568847656246e-10
52.80196349911581,-1.052711198545988,0.036600688019828936,0.9999984141957868,0.001517746938772971,7.977542348822936e-06,-0.0009137448386162711,0.0,0.0,0.0,0.0,0.0,0.0,0.0,0.0,0.0,2.9638671875000004e-10
52.46169307925929,-1.050262137408951,0.038066549763931326,0.9999989258500338,0.0013696641865627319,2.2616264992088024e-05,-0.0004478138097234251,0.0,0.0,0.0,0.0,0.0,0.0,0.0,0.0,0.0,1.78802490234375e-10
52.12107514826965,-1.057578627492992,0.0400003603068659,0.9999989756171778,0.0014113321956904271,-1.5776278663270887e-05,-0.00015915301406477505,0.0,0.0,0.0,0.0,0.0,0.0,0.0,0.0,0.0,6.120300292968749e-11
51.78009563749968,-1.0699682905427483,0.04222298255573332,0.9999988173853619,0.0015493084945541627,-8.139258941043946e-05,-4.0442963126143986e-05,0.0,0.0,0.0,0.0,0.0,0.0,0.0,0.0,0.0,9.43603515625e-10
51.44051723373733,-1.079681345430275,0.043633083630109405,0.9999986939264559,0.0015926426805153236,-0.00010134435519333869,1.9531352092548252e-05,0.0,0.0,0.0,0.0,0.0,0.0,0.0,0.0,0.0,8.260345458984374e-10
51.10324731431073,-1.081944308578011,0.043217307448865726,0.9999987180696229,0.0016077463510952453,-0.00010748691206545141,5.6971951461736344e-05,0.0,0.0,0.0,0.0,0.0,0.0,0.0,0.0,0.0,7.084350585937501e-10
50.76966765410178,-1.0767229660176474,0.04020910391503545,0.9999985890300304,0.0016710627214631731,-0.0001406971780855259,7.518448338827329e-05,0.0,0.0,0.0,0.0,0.0,0.0,0.0,0.0,0.0,5.908660888671874e-10
50.436345014418016,-1.0719323692054585,0.035764565704586256,0.9999986077419091,0.0016587552581444965,-0.00013843520016649984,0.00011485927437307838,0.0,0.0,0.0,0.0,0.0,0.0,0.0,0.0,0.0,4.732666015625e-10
50.09592089647198,-1.0833363831204303,0.03309079508192254,0.999998880273104,0.001508502938524949,-5.9659799509887215e-05,0.00015964577960527837,0.0,0.0,0.0,0.0,0.0,0.0,0.0,0.0,0.0,3.5568237304687503e-10
49.748159698781606,-1.1100553791809398,0.032920183552167026,0.9999988955255614,0.0014709548273821441,-3.7143060084362724e-05,0.00017575425941607407,0.0,0.0,0.0,0.0,0.0,0.0,0.0,0.0,0.0,2.380828857421875e-10
49.40301298921861,-1.1360958616168746,0.03366923813794013,0.9999989118320294,0.0014621249292815998,-3.1220858614729e-05,0.00018159697244727823,0.0,0.0,0.0,0.0,0.0,0.0,0.0,0.0,0.0,1.2051391601562502e-10
49.096572260927836,-1.1545611369190845,0.03445173622697226,0.9999989291823838,0.0014604442221900775,-3.0731620380078954e-05,0.00018258247433997304,0.0,0.0,0.0,0.0,0.0,0.0,0.0,0.0,0.0,2.9144287109374996e-12
48.88629295986881,-1.1656327907404596,0.035001376957222774,0.9999989210762662,0.0014621134598184103,-3.222389251806564e-05,0.00018245100628088155,0.0,0.0,0.0,0.0,0.0,0.0,0.0,0.0,0.0,8.853149414062501e-10
48.836034080753976,-1.1682859114102688,0.03525208199081716,0.9999989062698176,0.001461795774940009,-3.67327492431901e-05,0.0001831634686615044,0.0,0.0,0.0,0.0,0.0,0.0,0.0,0.0,0.0,7.677459716796874e-10
48.99930405159815,-1.1611756315846753,0.03526298045729175,0.9999989042255508,0.0014629922534606,-4.192725199679646e-05,0.00018338074168461983,0.0,0.0,0.0,0.0,0.0,0.0,0.0,0.0,0.0,6.501617431640626e-10
49.30971315143011,-1.1475724779466234,0.03519508518357501,0.9999989050258541,0.0014648569957911729,-4.430482019550238e-05,0.00018443272227202642,0.0,0.0,0.0,0.0,0.0,0.0,0.0,0.0,0.0,5.32562255859375e-10
49.652882242504575,-1.1324598283923903,0.03521950086496374,0.9999988942869686,0.001487698097326385,-5.6387514755462865e-05,0.00018204604632757746,0.0,0.0,0.0,0.0,0.0,0.0,0.0,0.0,0.0,4.1499328613281246e-10
49.996848556442885,-1.1166980364039572,0.03531998037115745,0.9999987285369835,0.0015894667897791504,-0.00012440107192963033,0.00022394784121057025,0.0,0.0,0.0,0.0,0.0,0.0,0.0,0.0,0.0,2.97393798828125e-10
50.34145235080261,-1.100250918510515,0.03539027719520538,0.9999989639853236,0.0013608165493968808,-2.7757715067182087e-05,0.00040255701510179037,0.0,0.0,0.0,0.0,0.0,0.0,0.0,0.0,0.0,1.7979431152343748e-10
50.68484380287609,-1.0869878486403464,0.03573555755119689,0.9999988993717261,0.0012949959255041735,-2.408343346992811e-05,0.0006671226313673718,0.0,0.0,0.0,0.0,0.0,0.0,0.0,0.0,0.0,6.222534179687501e-11
51.02489741102348,-1.0793244748686173,0.03663778599942599,0.9999986880016414,0.0012714075026338887,-5.5312732957638114e-05,0.00102691773614188,0.0,0.0,0.0,0.0,0.0,0.0,0.0,0.0,0.0,9.4464111328125e-10
51.3640260446561,-1.0684066427514363,0.03743050251920089,0.9999981324634256,0.001260209039113626,-9.91885158603576e-05,0.0014605890047762196,0.0,0.0,0.0,0.0,0.0,0.0,0.0,0.0,0.0,8.270416259765625e-10
51.704222031219864,-1.0452731798434785,0.03746975951845076,0.9999974531189735,0.0012361271521533544,-8.793271890313961e-05,0.0018767044870839841,0.0,0.0,0.0,0.0,0.0,0.0,0.0,0.0,0.0,7.094726562500001e-10
52.04413892415803,-1.0098939099507256,0.03706218490242906,0.9999969702690983,0.0012319994234437648,-0.00011979637814584765,0.0021217471998595657,0.0,0.0,0.0,0.0,0.0,0.0,0.0,0.0,0.0,5.918731689453126e-10
52.38273496539578,-0.9627510837632725,0.03658489131209463,0.999996854205759,0.0013267508469873106,-0.00014602154845234637,0.0021414518867603244,0.0,0.0,0.0,0.0,0.0,0.0,0.0,0.0,0.0,4.742736816406251e-10
52.719929589126664,-0.9010280085777117,0.036027945768962746,0.9999970003146115,0.0013834143659570157,-0.00014351098031866065,0.0020151778876199367,0.0,0.0,0.0,0.0,0.0,0.0,0.0,0.0,0.0,3.5670471191406245e-10
53.05631722097945,-0.8255080118587018,0.03544124260858511,0.9999974434906436,0.0014294893203645096,-0.00012409590935462945,0.001759163725128178,0.0,0.0,0.0,0.0,0.0,0.0,0.0,0.0,0.0,2.391204833984375e-10
53.39192287863317,-0.7458756008370699,0.03514487202330616,0.9999979283878526,0.0014682982226051399,-9.855412076982244e-05,0.0013958856285775,0.0,0.0,0.0,0.0,0.0,0.0,0.0,0.0,0.0,1.2152099609375e-10
53.72729214429854,-0.6703221410937114,0.03528117091495029,0.9999983718514142,0.0014970951531099836,-6.635664034348951e-05,0.000961959800971987,0.0,0.0,0.0,0.0,0.0,0.0,0.0,0.0,0.0,3.9215087890625006e-12
54.06356244145533,-0.6026993943664795,0.035632102820977854,0.9999987257085486,0.001508420813194717,-3.097841919058879e-05,0.0004996257727305089,0.0,0.0,0.0,0.0,0.0,0.0,0.0,0.0,0.0,8.863525390625001e-10
54.40276706692923,-0.5457876657870839,0.03583413624949206,0.9999989556376869,0.0014360787287490868,2.2193322664624253e-05,0.00011661121492133182,0.0,0.0,0.0,0.0,0.0,0.0,0.0,0.0,0.0,7.687530517578126e-10
54.74687218272869,-0.5016351102817056,0.035481005111827495,0.999998824464119,0.0015381430284025657,-7.858673384789507e-05,-7.627511048194774e-05,0.0,0.0,0.0,0.0,0.0,0.0,0.0,0.0,0.0,6.5118408203125e-10
55.09383807475424,-0.4713480453655898,0.035086554195845145,0.9999988360839699,0.0015095850918798194,-1.7599922615859686e-05,-0.00013208684775791702,0.0,0.0,0.0,0.0,0.0,0.0,0.0,0.0,0.0,5.33599853515625e-10
55.436448781908645,-0.45505542515694436,0.036143700155644866,0.9999989068054513,0.0014816728985043522,3.217190309050166e-06,-0.00014603483430000865,0.0,0.0,0.0,0.0,0.0,0.0,0.0,0.0,0.0,4.160003662109376e-10
55.7743750560177,-0.44922523613933646,0.03846850186490793,0.9999989183358947,0.001458166987111696,1.178533398613966e-05,-0.00014743987259537396,0.0,0.0,0.0,0.0,0.0,0.0,0.0,0.0,0.0,2.9840087890625e-10
56.113298129855636,-0.4472088730621521,0.040334037114812,0.999998964217033,0.0014390351182993538,1.598508785115622e-05,-0.00014812365344124572,0.0,0.0,0.0,0.0,0.0,0.0,0.0,0.0,0.0,1.8084716796875e-10
56.455130600448804,-0.44558823202758213,0.04128229566710794,0.9999990294116722,0.0014246521565252361,1.9980681801372113e-05,-0.00014737291812461786,0.0,0.0,0.0,0.0,0.0,0.0,0.0,0.0,0.0,6.323242187500001e-11
56.79810772757547,-0.443621952003545,0.04181307456522758,0.9999990054025364,0.0014136029680651787,2.227936395693429e-05,-0.00014781435580236236,0.0,0.0,0.0,0.0,0.0,0.0,0.0,0.0,0.0,9.456634521484375e-10
57.142479413278814,-0.44239757623831244,0.04206823806716318,0.9999991627788993,0.0013031302904357338,-3.1295266092245166e-05,-0.0001468921078516502,0.0,0.0,0.0,0.0,0.0,0.0,0.0,0.0,0.0,8.280792236328125e-10
57.48862470772398,-0.44328637957473593,0.041939452690275325,0.9999988337466016,0.0014976773543791172,8.091162767767557e-05,-0.00025105048516670716,0.0,0.0,0.0,0.0,0.0,0.0,0.0,0.0,0.0,7.10479736328125e-10
57.83345978311564,-0.44075517968170763,0.041768722688023785,0.9999987603937038,0.0015050304272678768,9.738455361393981e-05,-0.00044941868120233,0.0,0.0,0.0,0.0,0.0,0.0,0.0,0.0,0.0,5.928802490234375e-10
58.17312386287012,-0.4283295448159371,0.04204203822502936,0.9999987495151309,0.0014568624937207606,7.993870127853715e-05,-0.0005621913105281432,0.0,0.0,0.0,0.0,0.0,0.0,0.0,0.0,0.0,4.753265380859375e-10
58.51149037015736,-0.41605675416193927,0.04227149271625396,0.9999988590859933,0.001421114891954582,6.68335000343927e-05,-0.0005039445504286365,0.0,0.0,0.0,0.0,0.0,0.0,0.0,0.0,0.0,3.5772705078125e-10
58.83468427451168,-0.4169107896434545,0.041809424238485104,0.9999989048563538,0.001401063913312577,5.955229936281903e-05,-0.00045522249084602,0.0,0.0,0.0,0.0,0.0,0.0,0.0,0.0,0.0,2.40142822265625e-10
59.02605060912955,-0.42467739728275916,0.04115787207527422,0.9999989353161913,0.001390483915917256,5.8830153993656976e-05,-0.0004408842194478837,0.0,0.0,0.0,0.0,0.0,0.0,0.0,0.0,0.0,1.225433349609375e-10
58.977835297831774,-0.4293091975135712,0.040992194259441055,0.9999989543647521,0.001385565436558444,5.821851268857685e-05,-0.00043710790231424925,0.0,0.0,0.0,0.0,0.0,0.0,0.0,0.0,0.0,4.959106445312499e-12
58.75428777462978,-0.4301952909461838,0.0411921834603421,0.9999989252584371,0.0013818553734293994,5.7885039151841856e-05,-0.00043652004615210723,0.0,0.0,0.0,0.0,0.0,0.0,0.0,0.0,0.0,8.87359619140625e-10
58.44910573190961,-0.42939915792639594,0.04152883890615588,0.9999987396283817,0.0015332943748235077,0.0001543706230408172,-0.00041374743401570685,0.0,0.0,0.0,0.0,0.0,0.0,0.0,0.0,0.0,7.69805908203125e-10
58.11171061728052,-0.4298687531011472,0.04191210776299301,0.9999990678376728,0.0013180164820993498,3.437128527711631e-05,-0.00040844345744598667,0.0,0.0,0.0,0.0,0.0,0.0,0.0,0.0,0.0,6.522064208984374e-10
57.77127518062478,-0.4323368871621406,0.0423695714453489,0.9999989295396857,0.001370898082996279,6.269250643653044e-05,-0.0004350526807632087,0.0,0.0,0.0,0.0,0.0,0.0,0.0,0.0,0.0,5.346221923828126e-10
57.42966763065584,-0.4314498024028296,0.043167034734016015,0.999998949169529,0.001387884148720069,7.376775806017241e-05,-0.0004432034683583077,0.0,0.0,0.0,0.0,0.0,0.0,0.0,0.0,0.0,4.17022705078125e-10
57.08533805807314,-0.4246939286625724,0.044331804070528155,0.9999989065601853,0.0013875282216196346,7.393147576597624e-05,-0.0004462536028011582,0.0,0.0,0.0,0.0,0.0,0.0,0.0,0.0,0.0,2.994384765625e-10
56.7410968820205,-0.4174461205455353,0.04541672135142829,0.9999989294742998,0.0013837105534184242,7.322437822051514e-05,-0.00044792368733089394,0.0,0.0,0.0,0.0,0.0,0.0,0.0,0.0,0.0,1.8183898925781247e-10
56.39800913555845,-0.4131267015021142,0.04616445790010697,0.9999989231974434,0.0013795497878047614,7.193673244379192e-05,-0.00044779296395324256,0.0,0.0,0.0,0.0,0.0,0.0,0.0,0.0,0.0,6.428527832031249e-11
56.055730952468465,-0.410254806735192,0.04671003416823854,0.9999989795736914,0.0013752540417224096,7.026789056820998e-05,-0.00044978128485909417,0.0,0.0,0.0,0.0,0.0,0.0,0.0,0.0,0.0,9.46685791015625e-10
55.71442215295527,-0.40674294549293855,0.04693110852802462,0.9999988857639261,0.0014242569775843993,4.144568882392988e-05,-0.0004180942590238852,0.0,0.0,0.0,0.0,0.0,0.0,0.0,0.0,0.0,8.290863037109374e-10
55.37630953800641,-0.40064094298103686,0.046362426827890386,0.9999990012773815,0.0013984806587880511,3.3824908757627004e-05,-0.00025610100445851803,0.0,0.0,0.0,0.0,0.0,0.0,0.0,0.0,0.0,7.115020751953126e-10
55.03901171160623,-0.39778287992947875,0.04573346808296248,0.9999992917022286,0.0012033491838131384,0.00011191696183263893,-4.1308704493789765e-06,0.0,0.0,0.0,0.0,0.0,0.0,0.0,0.0,0.0,5.939178466796875e-10
54.69690686019861,-0.4119870160948996,0.046943111387983516,0.9999991123258606,0.001271133704732763,5.4343362285811124e-05,0.00031502463856488826,0.0,0.0,0.0,0.0,0.0,0.0,0.0,0.0,0.0,4.76318359375e-10
54.35097097626174,-0.443470194112962,0.049697198818781124,0.9999988862030137,0.001278567724268197,1.1795780844688189e-05,0.0007336129610443813,0.0,0.0,0.0,0.0,0.0,0.0,0.0,0.0,0.0,3.58734130859375e-10
54.0094015116177,-0.4803048482724979,0.05183128981862406,0.999998452697743,0.001272643653851191,-3.06792975679865e-05,0.001200653812165045,0.0,0.0,0.0,0.0,0.0,0.0,0.0,0.0,0.0,2.4116516113281253e-10
53.67315567856851,-0.5210748755601158,0.05286348489847858,0.9999979529251867,0.0012834268857584256,-6.593179785458585e-05,0.0015726762242001028,0.0,0.0,0.0,0.0,0.0,0.0,0.0,0.0,0.0,1.2356567382812502e-10
53.33870035427816,-0.57154732251282,0.05357768719022674,0.9999976760504017,0.0013158366213519026,-7.793781315371058e-05,0.0017071215455570733,0.0,0.0,0.0,0.0,0.0,0.0,0.0,0.0,0.0,5.9814453125e-12
53.003688071691386,-0.6280968386827331,0.054261086400109064,0.9999977553259989,0.001358444818812052,-7.085770814469851e-05,0.0016358852228634457,0.0,0.0,0.0,0.0,0.0,0.0,0.0,0.0,0.0,8.88397216796875e-10
52.66790262582039,-0.681679497473114,0.0549270776542403,0.9999980095596882,0.0013886377094668467,-5.731774114510361e-06,0.001428728837129028,0.0,0.0,0.0,0.0,0.0,0.0,0.0,0.0,0.0,7.707977294921874e-10
52.33053922007026,-0.7280800236408722,0.055872897499385815,0.9999982523691612,0.001447490389967227,-4.5844554459504844e-07,0.0011481615159960586,0.0,0.0,0.0,0.0,0.0,0.0,0.0,0.0,0.0,6.532135009765624e-10
51.99181394084453,-0.7654977523702481,0.05738970508558317,0.9999986960816042,0.0014348877272154176,-1.1831568030852368e-06,0.000766224568267751,0.0,0.0,0.0,0.0,0.0,0.0,0.0,0.0,0.0,5.356140136718751e-10
51.6528868866575,-0.793335004534507,0.058897323441346586,0.9999989066986953,0.0014558544489137453,2.8013965931702714e-05,0.0003243379911577269,0.0,0.0,0.0,0.0,0.0,0.0,0.0,0.0,0.0,4.180450439453125e-10
51.3160072823148,-0.810301818047597,0.05943323621562154,0.9999988824378654,0.001475044348222491,6.45839850725797e-05,-0.00012306544833426295,0.0,0.0,0.0,0.0,0.0,0.0,0.0,0.0,0.0,3.0046081542968753e-10
50.98270610593591,-0.8094448647483038,0.05789690582190257,0.9999986937991536,0.0015272032817851234,7.524745425747023e-05,-0.0005403175887685847,0.0,0.0,0.0,0.0,0.0,0.0,0.0,0.0,0.0,1.8287658691406247e-10
50.65334768489462,-0.7873137598351801,0.053986154403064826,0.9999986750191664,0.001306760931250411,0.00021602995406882057,-0.0009671425363178479,0.0,0.0,0.0,0.0,0.0,0.0,0.0,0.0,0.0,6.5277099609375e-11
50.31920534374856,-0.7619898575485913,0.05060198234984857,0.9999984800277459,0.0011558616689969889,0.00031566300592299147,-0.0012597218354191873,0.0,0.0,0.0,0.0,0.0,0.0,0.0,0.0,0.0,9.476776123046876e-10
49.974074121056375,-0.7479475132770408,0.0502926292506533,0.9999980759812533,0.001130310428730476,0.00034819101306068,-0.0015692121493015943,0.0,0.0,0.0,0.0,0.0,0.0,0.0,0.0,0.0,8.300933837890624e-10
49.62671762181426,-0.7307427682473847,0.051984084214324516,0.9999974571954192,0.0011312469718689601,0.0003621932359009784,-0.0019015953353713757,0.0,0.0,0.0,0.0,0.0,0.0,0.0,0.0,0.0,7.125244140625e-10
49.28470975350266,-0.6972307109977306,0.0542108875632406,0.9999971498139243,0.0011149534827466945,0.00036380915933308675,-0.0020665316090628452,0.0,0.0,0.0,0.0,0.0,0.0,0.0,0.0,0.0,5.949401855468751e-10
48.94675684918853,-0.6524307633813019,0.056341862582361894,0.9999972091527366,0.0010884044375541685,0.00035678938701059527,-0.0020622439281842236,0.0,0.0,0.0,0.0,0.0,0.0,0.0,0.0,0.0,4.7735595703125e-10
48.61081967020824,-0.6050707859041008,0.05779420345085783,0.9999976207026602,0.001003921588348223,0.00032289608751119093,-0.0019235498624692161,0.0,0.0,0.0,0.0,0.0,0.0,0.0,0.0,0.0,3.5975646972656247e-10
48.276776782018395,-0.56547017433389,0.057886890252353974,0.9999979476784431,0.0010120298851583902,0.0003203815907400857,-0.0017043274321468806,0.0,0.0,0.0,0.0,0.0,0.0,0.0,0.0,0.0,2.4215698242187503e-10
47.94343327818382,-0.5314564353217703,0.05655047139651721,0.9999978708033341,0.0012712990535970405,0.000378305215336352,-0.0015823169534465956,0.0,0.0,0.0,0.0,0.0,0.0,0.0,0.0,0.0,1.2457275390625e-10
47.60857077663349,-0.4804558656996045,0.05463876209619677,0.9999983106615925,0.000994174681931694,0.0003206677002369483,-0.001489911265069894,0.0,0.0,0.0,0.0,0.0,0.0,0.0,0.0,0.0,7.0037841796874995e-12
47.270323286800824,-0.41529648407145275,0.053062170403572306,0.9999985308680523,0.0008207443058266321,0.0003506388363060529,-0.0014575924584902806,0.0,0.0,0.0,0.0,0.0,0.0,0.0,0.0,0.0,8.894195556640626e-10
46.93007929216263,-0.3751700793395691,0.05275032705579879,0.9999985793676852,0.0007821378537908905,0.0003548530576793169,-0.0014673225745380838,0.0,0.0,0.0,0.0,0.0,0.0,0.0,0.0,0.0,7.718353271484374e-10
46.6303011455085,-0.3697250487031745,0.05355003075254527,0.9999985097428128,0.0007785264504474924,0.00034680621531995003,-0.0014899086700240376,0.0,0.0,0.0,0.0,0.0,0.0,0.0,0.0,0.0,6.5423583984375e-10
46.45714049462044,-0.3737509493202142,0.054157845731275495,0.9999985058072688,0.0007790452926774601,0.00033332065367497424,-0.0015024276559351011,0.0,0.0,0.0,0.0,0.0,0.0,0.0,0.0,0.0,5.366363525390624e-10
46.457876719810834,-0.3799699452207219,0.053878337910882215,0.9999986693396473,0.0007746007200659487,0.0003154084643618722,-0.0014230049252017159,0.0,0.0,0.0,0.0,0.0,0.0,0.0,0.0,0.0,4.1906738281250005e-10
46.63840543609684,-0.39814787323888146,0.05264139744991621,0.9999987377859797,0.0009748847756115334,0.000254728307343017,-0.0012411297721470695,0.0,0.0,0.0,0.0,0.0,0.0,0.0,0.0,0.0,3.01483154296875e-10
46.94477563176985,-0.42613598174723094,0.05054550325796522,0.999999221085259,0.0006900888973089517,0.00025989273350778485,-0.0010099859117592583,0.0,0.0,0.0,0.0,0.0,0.0,0.0,0.0,0.0,1.8388366699218748e-10
47.2848140388632,-0.45363624493362176,0.04785243947767693,0.9999995942358166,0.000434581022302114,0.00016828243825221077,-0.0008041310998256373,0.0,0.0,0.0,0.0,0.0,0.0,0.0,0.0,0.0,6.62841796875e-11
47.62540714011605,-0.48198991445922207,0.0452818781267117,0.9999996072593303,0.0004741576312894213,0.00018110004179738157,-0.0007180001589446773,0.0,0.0,0.0,0.0,0.0,0.0,0.0,0.0,0.0,9.487152099609376e-10
47.969067511014856,-0.5177946511715958,0.04373508824077334,0.9999996176920213,0.000519687658647914,0.0001957498656451281,-0.0006919278876287663,0.0,0.0,0.0,0.0,0.0,0.0,0.0,0.0,0.0,8.311157226562501e-10
48.313843578958625,-0.5525466465843141,0.04338744455627167,0.9999996745558538,0.0004811047514309272,0.00023150687388459685,-0.0006705860123081243,0.0,0.0,0.0,0.0,0.0,0.0,0.0,0.0,0.0,7.135467529296875e-10
48.65544917084345,-0.572821084586611,0.043994668939634406,0.9999996618866522,0.0005360278850615665,0.00021940462776952785,-0.0006295518155978627,0.0,0.0,0.0,0.0,0.0,0.0,0.0,0.0,0.0,5.959625244140624e-10
48.99545196957277,-0.5819872911124178,0.044934772612894726,0.9999996451881524,0.0005795347553436577,0.0001983149696772842,-0.0005067997557301801,0.0,0.0,0.0,0.0,0.0,0.0,0.0,0.0,0.0,4.78363037109375e-10
49.33692752334998,-0.5880541745963691,0.0454090908231594,0.9999997139464591,0.0005957284610277298,0.00019261077267763844,-0.00040526393973538695,0.0,0.0,0.0,0.0,0.0,0.0,0.0,0.0,0.0,3.6076354980468746e-10
49.68200319679112,-0.5889187077131253,0.04461943116857099,0.9999996188168427,0.0007155978524165233,0.00013162291453713338,-0.00040439321599525317,0.0,0.0,0.0,0.0,0.0,0.0,0.0,0.0,0.0,2.4319458007812503e-10
50.03059740349089,-0.5826226731672928,0.042419598498896045,0.9999997339912682,0.0005454476606458574,0.0002307228580270719,-0.00038732274072917125,0.0,0.0,0.0,0.0,0.0,0.0,0.0,0.0,0.0,1.2559509277343752e-10
50.375946313507974,-0.5807468225469216,0.04150533123516478,0.9999997713541536,0.0005115641696330349,0.00025879812228097297,-0.0003808192187430277,0.0,0.0,0.0,0.0,0.0,0.0,0.0,0.0,0.0,8.026123046875e-12
50.71309806005645,-0.5921856672683938,0.043874092620764846,0.9999997431236455,0.0005152243557384236,0.0002638704189419362,-0.0003797318311027468,0.0,0.0,0.0,0.0,0.0,0.0,0.0,0.0,0.0,8.9044189453125e-10
51.04808950937502,-0.6063279936693213,0.04687485590624594,0.9999997667513112,0.000523145920755081,0.0002624891746080643,-0.0003807267574563752,0.0,0.0,0.0,0.0,0.0,0.0,0.0,0.0,0.0,7.728424072265624e-10
51.38681148361687,-0.6142190426792192,0.048112923853443394,0.9999997873985043,0.00039040851239168043,0.00031186519948093143,-0.0003584746243516442,0.0,0.0,0.0,0.0,0.0,0.0,0.0,0.0,0.0,6.55242919921875e-10
51.7264169255617,-0.6210027189595688,0.04829780826460001,0.9999997931096064,0.000492060895812254,0.000268849657939635,-0.00031067449183150693,0.0,0.0,0.0,0.0,0.0,0.0,0.0,0.0,0.0,5.376739501953124e-10
52.06576144554738,-0.6296958876953451,0.04819889324744874,0.9999998334497081,0.000515352190390869,0.0002465455807843807,-0.000152809278832995,0.0,0.0,0.0,0.0,0.0,0.0,0.0,0.0,0.0,4.2007446289062493e-10
52.40717555945958,-0.6344202082648243,0.047651614548026,0.9999998126821523,0.0005204581104929967,0.00023431530532899575,1.0139613085659999e-05,0.0,0.0,0.0,0.0,0.0,0.0,0.0,0.0,0.0,3.0250549316406246e-10
52.75178381985125,-0.6323035388993105,0.04672256283543592,0.9999998209185506,0.0005330751963599122,0.00022912334148378138,6.088751541236807e-05,0.0,0.0,0.0,0.0,0.0,0.0,0.0,0.0,0.0,1.8490600585937502e-10
53.096496410391154,-0.6271420046235694,0.046035048524661774,0.9999997958367896,0.0005451482801145937,0.00022815520685378544,7.436512689419807e-05,0.0,0.0,0.0,0.0,0.0,0.0,0.0,0.0,0.0,6.732177734375e-11
53.440133391690516,-0.6208965033141252,0.04586219559595709,0.9999998274759281,0.0005552679039073577,0.00022855941271411384,7.693531988825111e-05,0.0,0.0,0.0,0.0,0.0,0.0,0.0,0.0,0.0,9.497222900390623e-10
53.782741252291224,-0.6123452137522343,0.045932179763767185,0.9999997908425866,0.0005430451113528357,0.00023534441396554713,8.760730765364075e-05,0.0,0.0,0.0,0.0,0.0,0.0,0.0,0.0,0.0,8.321533203125e-10
54.12485655732706,-0.6023240963950608,0.04606374759219622,0.9999998283128915,0.0005208109490279958,0.0002399033021628084,0.00011933126054226678,0.0,0.0,0.0,0.0,0.0,0.0,0.0,0.0,0.0,7.145538330078124e-10
54.46577543812134,-0.5940107523576442,0.04625660866696942,0.9999998222520611,0.0005285134540393115,0.00016661355218352522,0.0001747071994775901,0.0,0.0,0.0,0.0,0.0,0.0,0.0,0.0,0.0,5.96954345703125e-10
54.806686877464884,-0.5864641835929033,0.046500447534972456,0.9999998190235442,0.0005675290753517778,0.00021476496117326524,0.00019899004007998197,0.0,0.0,0.0,0.0,0.0,0.0,0.0,0.0,0.0,4.793853759765624e-10
55.14932362610473,-0.575191307500759,0.046791362028355286,0.9999998207078269,0.0005806764118023887,0.0002284950000328009,0.00018952870394797584,0.0,0.0,0.0,0.0,0.0,0.0,0.0,0.0,0.0,3.6180114746093746e-10
55.49330605225993,-0.5599893749320715,0.04715530796117493,0.9999997721403499,0.0005875096842384929,0.00023187712035240427,0.00017095683332682188,0.0,0.0,0.0,0.0,0.0,0.0,0.0,0.0,0.0,2.4420166015625e-10
55.83551301761243,-0.5438274570066876,0.047601297166872156,0.9999997723639771,0.0005929748633260633,0.0002328839687088775,0.00012994039269621476,0.0,0.0,0.0,0.0,0.0,0.0,0.0,0.0,0.0,1.2663269042968752e-10
56.176576362655275,-0.5280093811321552,0.04799272680497339,0.9999997893305514,0.0005954743234349797,0.00023309343022177528,9.352569594875304e-05,0.0,0.0,0.0,0.0,0.0,0.0,0.0,0.0,0.0,9.033203125e-12
56.51801520265048,-0.5128475013068441,0.048133558730643455,0.9999997911091931,0.000599289289353625,0.00023413915423233433,3.1654595432979925e-05,0.0,0.0,0.0,0.0,0.0,0.0,0.0,0.0,0.0,8.914337158203124e-10
56.86034495453939,-0.498647216474294,0.04806847364085133,0.999999881952663,0.0005188059475483101,0.00018994172069280893,1.2135440130337671e-05,0.0,0.0,0.0,0.0,0.0,0.0,0.0,0.0,0.0,7.738647460937501e-10
57.192177175094436,-0.486259124878817,0.04789467231666995,0.9999998444001491,0.0004952606405201692,0.0001815745441435015,-8.309615790854009e-06,0.0,0.0,0.0,0.0,0.0,0.0,0.0,0.0,0.0,6.56280517578125e-10
57.43472991184549,-0.4797005946160733,0.04740155521108982,0.9999997760857466,0.0005469520859347635,0.00021700757249471344,-3.391949579801188e-05,0.0,0.0,0.0,0.0,0.0,0.0,0.0,0.0,0.0,5.386810302734376e-10
57.49940712839303,-0.4823217487951649,0.04644842516433622,0.9999997954076612,0.000576038187079437,0.00024103020255286333,-4.433512947994734e-05,0.0,0.0,0.0,0.0,0.0,0.0,0.0,0.0,0.0,4.2112731933593747e-10
57.38703898675376,-0.48792186022018313,0.045701773281504265,0.9999997686903819,0.0005826190456644488,0.0002545823431884096,-5.0447562095059307e-05,0.0,0.0,0.0,0.0,0.0,0.0,0.0,0.0,0.0,3.035125732421875e-10
