#Frame_Number,qw,qx,qy,qz,tx,ty,tz,vx,vy,vz
0,1.0,0.0,0.0,0.0,0.0,0.0,0.0,0.0,0.0,0.0
1,1.0,2.8073924e-05,8.127411e-06,3.420703e-05,0.999635,-0.026943559,0.00197627,0.0,0.0,0.0
2,0.9999991,-0.00021502316,0.00011746687,-0.001314133,1.9987595,-0.0683504,0.00794705,0.0,0.0,0.0
3,0.9999838,-0.00065769296,0.00043924278,-0.0056362874,2.994437,-0.15926152,0.02696402,0.0,0.0,0.0
4,0.9999614,-0.0013206353,0.00069938134,-0.008662456,3.9916084,-0.23357765,0.0382056,0.0,0.0,0.0
5,0.99994165,-0.001751558,0.00080735376,-0.010630633,4.9904385,-0.28130502,0.04598823,0.0,0.0,0.0
6,0.9999267,-0.0020910949,0.00079842657,-0.011900831,5.989788,-0.31731662,0.047891464,0.0,0.0,0.0
7,0.99991965,-0.002438443,0.00078911573,-0.012413046,6.9890094,-0.3564235,0.042641938,0.0,0.0,0.0
8,0.9998816,-0.003082554,0.0011390249,-0.015030016,7.9851866,-0.44126496,0.06344937,0.0,0.0,0.0
9,0.9997363,-0.0026085598,0.0012269964,-0.022780677,8.980786,-0.53000957,0.093544625,0.0,0.0,0.0
10,0.9995636,-0.0018428487,0.0009808037,-0.029467523,9.980163,-0.55613935,0.11730549,0.0,0.0,0.0
11,0.9995079,-0.0024705727,0.0009969551,-0.03125412,10.97664,-0.64000076,0.1166659,0.0,0.0,0.0
12,0.99948716,-0.0028331191,0.00089846924,-0.031883683,11.973943,-0.71120775,0.09892805,0.0,0.0,0.0
13,0.9994815,-0.0032379585,0.000912447,-0.032022223,12.971529,-0.78058165,0.095792174,0.0,0.0,0.0
14,0.99947214,-0.0033829277,0.00093128835,-0.03229829,13.969382,-0.8459779,0.099272065,0.0,0.0,0.0
15,0.9994733,-0.003634383,0.0009328859,-0.032234967,14.967104,-0.91289407,0.090677135,0.0,0.0,0.0
16,0.99947244,-0.0037538214,0.00090183946,-0.032248005,15.965056,-0.97673404,0.08669472,0.0,0.0,0.0
17,0.9994663,-0.003795214,0.00091698143,-0.032433096,16.963259,-1.0364618,0.08193736,0.0,0.0,0.0
18,0.99946964,-0.0039466675,0.00097034004,-0.03230964,17.960674,-1.1082884,0.07993848,0.0,0.0,0.0
19,0.999464,-0.003914451,0.0009872166,-0.03248881,18.958845,-1.1687546,0.07999516,0.0,0.0,0.0
20,0.9994628,-0.0039524585,0.0010531071,-0.03251797,19.956564,-1.2361989,0.07754715,0.0,0.0,0.0
21,0.9994387,-0.003931809,0.0011806154,-0.033248454,20.954964,-1.2919784,0.086938195,0.0,0.0,0.0
22,0.9994216,-0.0039002087,0.0011547123,-0.03376321,21.952751,-1.3584028,0.084342636,0.0,0.0,0.0
23,0.9994203,-0.0039778636,0.0012208739,-0.0337901,22.9502,-1.429778,0.08213372,0.0,0.0,0.0
24,0.9994212,-0.0040323045,0.0012027052,-0.03375879,23.94777,-1.4994029,0.07962224,0.0,0.0,0.0
25,0.9994185,-0.004034636,0.0012567011,-0.033835392,24.945639,-1.5645951,0.07741552,0.0,0.0,0.0
26,0.99942136,-0.004076911,0.0012531368,-0.033744767,25.943129,-1.6350977,0.07069016,0.0,0.0,0.0
27,0.99941903,-0.004032317,0.001244255,-0.03382019,26.940937,-1.7012125,0.068086825,0.0,0.0,0.0
28,0.99941856,-0.0039245626,0.001190037,-0.03384932,27.938307,-1.7713569,0.049821254,0.0,0.0,0.0
29,0.9994211,-0.0039334116,0.0011333259,-0.033774514,28.934809,-1.8532859,0.03332905,0.0,0.0,0.0
30,0.99940294,-0.0039259368,0.0011912744,-0.034305666,29.932045,-1.9275596,0.034805477,0.0,0.0,0.0
31,0.9993874,-0.0038650932,0.0011386907,-0.034764428,30.930344,-1.9857004,0.030518075,0.0,0.0,0.0
32,0.99933624,-0.0040799007,0.0013241301,-0.036175106,31.925682,-2.081412,0.042444732,0.0,0.0,0.0
33,0.999306,-0.004174076,0.0014900236,-0.036984183,32.921295,-2.1747484,0.048848204,0.0,0.0,0.0
34,0.9993018,-0.004333222,0.0015398316,-0.03707859,33.91757,-2.2609868,0.046521787,0.0,0.0,0.0
35,0.9992921,-0.00427186,0.0016114925,-0.03734248,34.915184,-2.329888,0.04996632,0.0,0.0,0.0
36,0.9992884,-0.004267176,0.0017517288,-0.037435632,35.912144,-2.4077928,0.047606736,0.0,0.0,0.0
37,0.99928975,-0.004305625,0.0018388665,-0.037390765,36.908543,-2.4925277,0.050917868,0.0,0.0,0.0
38,0.9992865,-0.00423816,0.0018920049,-0.03748389,37.904682,-2.5802064,0.055335145,0.0,0.0,0.0
39,0.9992886,-0.0042845965,0.001992228,-0.03741619,38.901344,-2.6617782,0.053502027,0.0,0.0,0.0
40,0.99928695,-0.004225017,0.0019761077,-0.03746728,39.898518,-2.7369182,0.05138841,0.0,0.0,0.0
41,0.999276,-0.004040959,0.0020907652,-0.0377739,40.89638,-2.8022115,0.050975863,0.0,0.0,0.0
42,0.9992835,-0.0039473567,0.002193005,-0.03757792,41.894333,-2.8662162,0.050988093,0.0,0.0,0.0
43,0.9993665,-0.003434112,0.0022323004,-0.03535211,42.89423,-2.856853,0.040142667,0.0,0.0,0.0
44,0.9995739,-0.0042534396,0.0021380892,-0.028799415,43.889725,-2.9512606,0.031246614,0.0,0.0,0.0
45,0.9996455,-0.0034382863,0.002116081,-0.026317032,44.88959,-2.9444163,0.016409168,0.0,0.0,0.0
46,0.9996335,-0.0029885073,0.0020849078,-0.026826354,45.88783,-3.0034735,0.010711376,0.0,0.0,0.0
47,0.99951726,-0.003155172,0.0027332162,-0.030786349,46.876328,-3.1492662,0.0508612,0.0,0.0,0.0
48,0.9992159,-0.0032614798,0.003202264,-0.039327774,47.86289,-3.3073993,0.09198967,0.0,0.0,0.0
49,0.9988084,-0.0025000807,0.0031303358,-0.048638817,48.860558,-3.374922,0.08210376,0.0,0.0,0.0
50,0.9986419,-0.002767639,0.0031656863,-0.051929586,49.858322,-3.4412544,0.073769934,0.0,0.0,0.0
51,0.99859774,-0.003246211,0.0031773825,-0.05274423,50.85159,-3.5566678,0.06391024,0.0,0.0,0.0
52,0.9985842,-0.0036584327,0.0031874515,-0.05297171,51.845623,-3.6638818,0.04383294,0.0,0.0,0.0
53,0.99858356,-0.003987017,0.0032014227,-0.05295965,52.838913,-3.7788246,0.031135358,0.0,0.0,0.0
54,0.99858755,-0.0042772978,0.0031966756,-0.052861687,53.83093,-3.9047492,0.02401216,0.0,0.0,0.0
55,0.9985654,-0.0064962334,0.0043482245,-0.052972306,54.825775,-4.005973,0.018065954,0.0,0.0,0.0
56,0.9985015,-0.008791981,0.0117697725,-0.05271538,55.808926,-4.188628,0.010816382,0.0,0.0,0.0
57,0.99831235,-0.008944285,0.022362774,-0.05284309,56.802814,-4.297866,-0.0049100635,0.0,0.0,0.0
58,0.9979264,-0.010776129,0.03488488,-0.053007666,57.794777,-4.4213223,-0.03264261,0.0,0.0,0.0
59,0.9974645,-0.010557413,0.046216734,-0.05307696,58.779846,-4.559851,-0.13488363,0.0,0.0,0.0
60,0.9969247,-0.008218708,0.05688512,-0.053269632,59.774452,-4.6415668,-0.1987423,0.0,0.0,0.0
61,0.9962994,-0.005952661,0.06727423,-0.05316226,60.765602,-4.7562785,-0.2655617,0.0,0.0,0.0
62,0.99547243,-0.005212925,0.07838901,-0.05350372,61.760902,-4.830006,-0.32833543,0.0,0.0,0.0
63,0.99453044,-0.004989771,0.08946985,-0.053660374,62.752384,-4.924803,-0.41765606,0.0,0.0,0.0
64,0.9939311,-0.007827656,0.095636286,-0.05378987,63.745415,-5.016843,-0.49128288,0.0,0.0,0.0
65,0.9938245,-0.00866559,0.096692644,-0.05374324,64.73,-5.128782,-0.6256509,0.0,0.0,0.0
66,0.9938814,-0.009078301,0.09648978,-0.052981853,65.71559,-5.24523,-0.7483589,0.0,0.0,0.0
67,0.9941071,-0.009177829,0.09618603,-0.04914262,66.70653,-5.3220344,-0.85855234,0.0,0.0,0.0
68,0.9944868,-0.0089597255,0.09614075,-0.04089796,67.70018,-5.3560386,-0.96578044,0.0,0.0,0.0
69,0.99476105,-0.0085285455,0.09617905,-0.033574942,68.69317,-5.4099436,-1.0709532,0.0,0.0,0.0
70,0.9948399,-0.0081026675,0.09632199,-0.030821266,69.6835,-5.509408,-1.1676514,0.0,0.0,0.0
71,0.9954422,-0.021114161,0.08812065,-0.029727034,70.6654,-5.6483607,-1.2964226,0.0,0.0,0.0
72,0.9960735,-0.027113345,0.07945878,-0.028085368,71.651215,-5.780224,-1.4002177,0.0,0.0,0.0
73,0.9967375,-0.028490461,0.070699885,-0.026536012,72.640854,-5.875025,-1.5080111,0.0,0.0,0.0
74,0.9974287,-0.027796296,0.06103754,-0.025252499,73.63245,-5.9414787,-1.6190401,0.0,0.0,0.0
75,0.99809545,-0.025567321,0.050472785,-0.024582889,74.62707,-5.9791093,-1.7156012,0.0,0.0,0.0
76,0.9987003,-0.021616584,0.03896635,-0.024738511,75.621544,-5.97411,-1.8204066,0.0,0.0,0.0
77,0.9992048,-0.016157487,0.026417425,-0.02511468,76.61756,-5.957139,-1.9079145,0.0,0.0,0.0
78,0.999535,-0.01089057,0.011785948,-0.02592651,77.6156,-5.946249,-1.9696285,0.0,0.0,0.0
79,0.9995936,-0.007804052,-0.00588476,-0.026777789,78.6151,-5.955943,-1.99977,0.0,0.0,0.0
80,0.9993054,-0.0048313076,-0.024575844,-0.027593581,79.61503,-5.967015,-1.9957378,0.0,0.0,0.0
81,0.99865675,-0.0019109909,-0.043199304,-0.028545512,80.61417,-5.9715157,-1.9544746,0.0,0.0,0.0
82,0.99766344,0.00081889436,-0.061765566,-0.029189015,81.61057,-5.9919167,-1.8722923,0.0,0.0,0.0
83,0.9963087,0.0036210879,-0.08040725,-0.029841581,82.60348,-6.017199,-1.7560815,0.0,0.0,0.0
84,0.99460864,0.0063511035,-0.09893251,-0.030424807,83.59007,-6.0449395,-1.5952652,0.0,0.0,0.0
85,0.99254733,0.009119964,-0.11750722,-0.030962309,84.565125,-6.070252,-1.3747339,0.0,0.0,0.0
86,0.9901255,0.011881563,-0.13608523,-0.0314839,85.52506,-6.096465,-1.0957593,0.0,0.0,0.0
87,0.98895985,0.00038701642,-0.14369626,-0.036189105,86.46291,-6.2458863,-0.7825251,0.0,0.0,0.0
88,0.9905039,-0.02552393,-0.12726334,-0.045327667,87.447556,-6.412016,-0.83622533,0.0,0.0,0.0
89,0.9924948,-0.034981225,-0.103745595,-0.054471433,88.36359,-6.617294,-0.49164099,0.0,0.0,0.0
90,0.99484897,-0.0357381,-0.07275164,-0.06087311,89.30711,-6.737639,-0.18297976,0.0,0.0,0.0
91,0.9965467,-0.032054532,-0.040026832,-0.0653078,90.27261,-6.813563,0.06612062,0.0,0.0,0.0
92,0.9973378,-0.021803904,-0.011051864,-0.06870027,91.23277,-6.7484612,0.33787346,0.0,0.0,0.0
93,0.99755913,-0.007190487,0.007673109,-0.06903045,92.202385,-6.6028438,0.53446716,0.0,0.0,0.0
94,0.99752975,-0.003314436,0.018316464,-0.06773452,93.19303,-6.6434565,0.66475075,0.0,0.0,0.0
95,0.9975142,-0.0037317385,0.02068437,-0.06725857,94.18402,-6.773642,0.6961887,0.0,0.0,0.0
96,0.99755275,-0.0032829938,0.019217335,-0.06714492,95.17703,-6.89115,0.684997,0.0,0.0,0.0
97,0.99758744,-0.0028946325,0.017229479,-0.067186795,96.16928,-7.0128036,0.65955746,0.0,0.0,0.0
98,0.9976314,-0.002574904,0.015469596,-0.06697519,97.16123,-7.1357303,0.6291903,0.0,0.0,0.0
99,0.99771285,-0.015234719,0.019822577,-0.06280172,98.11211,-7.440742,0.57631654,0.0,0.0,0.0
100,0.99825877,-0.011983832,0.017327467,-0.055095956,99.11054,-7.4842978,0.54115057,0.0,0.0,0.0
101,0.99897057,-0.006822271,0.013521116,-0.042759888,100.10715,-7.405253,0.51814985,0.0,0.0,0.0
102,0.9994492,-0.0046567624,0.01118334,-0.030895272,101.08705,-7.292292,0.35376498,0.0,0.0,0.0
103,0.99960387,-0.002869434,0.010621742,-0.025903877,102.08682,-7.311021,0.3431334,0.0,0.0,0.0
104,0.99963725,-0.0019563553,0.010148851,-0.024871437,103.08556,-7.3543096,0.31767857,0.0,0.0,0.0
105,0.99965173,-0.0012381539,0.009791132,-0.024475655,104.08361,-7.40267,0.27814782,0.0,0.0,0.0
106,0.9996612,-0.0006811397,0.009545763,-0.024205089,105.081924,-7.4474835,0.24134338,0.0,0.0,0.0
107,0.9997091,0.00010104023,0.009391102,-0.022214863,106.08145,-7.465209,0.21613848,0.0,0.0,0.0
108,0.99984,-0.008640392,0.004713852,-0.014933831,107.07748,-7.550057,0.18910566,0.0,0.0,0.0
109,0.99996525,-0.0055478914,0.005975599,-0.0017380667,108.076454,-7.523553,0.1525066,0.0,0.0,0.0
110,0.9998654,-0.0017682287,0.00919806,0.0134678185,109.07047,-7.424866,0.19927296,0.0,0.0,0.0
111,0.9995037,-0.0034753236,0.00837868,0.030168595,110.03533,-7.346495,-0.05154392,0.0,0.0,0.0
112,0.9990819,-0.0032716487,0.008140888,0.04193276,111.02835,-7.2643523,-0.13616702,0.0,0.0,0.0
113,0.99893993,-0.0018034361,0.00825348,0.04525135,112.02034,-7.141031,-0.16356115,0.0,0.0,0.0
114,0.9989761,-0.0025459423,0.008922468,0.04427904,113.01813,-7.0748444,-0.17004922,0.0,0.0,0.0
115,0.99927443,0.00018808436,0.008944465,0.037020862,113.99759,-6.8871713,-0.09633498,0.0,0.0,0.0
116,0.99966615,0.0023977763,0.008287537,0.024354426,114.98335,-6.7708073,-0.21771675,0.0,0.0,0.0
117,0.9999187,0.004265082,0.00795603,0.009005564,115.981384,-6.72974,-0.2650405,0.0,0.0,0.0
118,0.99995077,0.0037732804,0.008471729,-0.0035211886,116.97878,-6.7381344,-0.19337122,0.0,0.0,0.0
119,0.9999289,0.0020040418,0.008855209,-0.0077321017,117.976616,-6.8013988,-0.17569631,0.0,0.0,0.0
120,0.9999196,0.0011266057,0.008862878,-0.009000319,118.97603,-6.832631,-0.18992943,0.0,0.0,0.0
121,0.99991614,0.0005596752,0.008905873,-0.009383482,119.97545,-6.858493,-0.21201256,0.0,0.0,0.0
122,0.99991965,-0.0004885604,0.008255495,-0.00960523,120.97477,-6.868361,-0.24751322,0.0,0.0,0.0
123,0.9998969,0.0036416233,0.010584543,-0.00899597,121.974754,-6.8742013,-0.25007188,0.0,0.0,0.0
124,0.9999059,0.0007914667,0.009289321,-0.010066102,122.97375,-6.8993554,-0.28724366,0.0,0.0,0.0
125,0.9999053,5.794325e-06,0.008982092,-0.010428048,123.97338,-6.9207997,-0.3036958,0.0,0.0,0.0
126,0.9999145,-0.00027197594,0.008942101,-0.009534397,124.973114,-6.9371247,-0.31980926,0.0,0.0,0.0
127,0.9999488,-0.0002098339,0.009033666,-0.0045492994,125.97249,-6.9205694,-0.3510585,0.0,0.0,0.0
128,0.99994445,-0.0013748566,0.008798537,0.0056364476,126.97207,-6.896128,-0.36661556,0.0,0.0,0.0
129,0.9998163,-0.0021830886,0.008911663,0.01682641,127.96969,-6.96501,-0.37002158,0.0,0.0,0.0
130,0.99974483,-0.0015673621,0.00897433,0.02066988,128.96817,-6.9159794,-0.3949244,0.0,0.0,0.0
131,0.99970347,-0.003105816,0.010060642,0.021955876,129.96474,-6.84695,-0.44068384,0.0,0.0,0.0
132,0.99960357,0.00058918,0.008630299,0.026793275,130.95918,-6.744725,-0.46609133,0.0,0.0,0.0
133,0.9992718,-0.002168676,0.0092677865,0.03694921,131.95895,-6.723805,-0.4675929,0.0,0.0,0.0
134,0.9986504,-0.0032982216,0.0091325715,0.05102075,132.95738,-6.670798,-0.48584598,0.0,0.0,0.0
135,0.9975861,-0.0043465574,0.008844931,0.06873836,133.95407,-6.593208,-0.510282,0.0,0.0,0.0
136,0.99623066,-0.0049097217,0.008455041,0.0861911,134.94759,-6.483372,-0.53948414,0.0,0.0,0.0
137,0.99540424,-0.004245574,0.008431832,0.09529592,135.93352,-6.318094,-0.5643839,0.0,0.0,0.0
138,0.9952844,-0.0028797926,0.00851431,0.09658296,136.91267,-6.1170983,-0.5939227,0.0,0.0,0.0
139,0.9957854,0.00063588144,0.009546591,0.09121331,137.88812,-5.8982315,-0.6183701,0.0,0.0,0.0
140,0.99672025,0.00706085,0.01154793,0.07978397,138.85512,-5.6461415,-0.65543777,0.0,0.0,0.0
141,0.9979169,0.003986982,0.009402648,0.063699044,139.8475,-5.5252986,-0.67915416,0.0,0.0,0.0
142,0.9989836,0.0040676496,0.009239456,0.043929596,140.84355,-5.4413857,-0.65006256,0.0,0.0,0.0
143,0.9997103,0.0046847104,0.008923808,0.02185636,141.83897,-5.3503184,-0.67897487,0.0,0.0,0.0
144,0.99994934,0.0051419986,0.008653232,0.00021772023,142.83759,-5.3036656,-0.70376277,0.0,0.0,0.0
145,0.99985385,0.004756037,0.008662709,-0.013952386,143.83723,-5.3073034,-0.7299507,0.0,0.0,0.0
146,0.9998151,0.0033884447,0.008762677,-0.016777098,144.836,-5.350788,-0.75405085,0.0,0.0,0.0
147,0.99989504,0.0014434053,0.0088038035,-0.011413692,145.83353,-5.4159217,-0.78007364,0.0,0.0,0.0
148,0.9999658,0.00063032494,0.008223244,-0.0006669173,146.83257,-5.447146,-0.81108195,0.0,0.0,0.0
149,0.9998601,0.0014510487,0.0064301244,0.015372434,147.83223,-5.4436636,-0.83635044,0.0,0.0,0.0
150,0.99940413,-0.0033826155,0.008197496,0.03335728,148.83133,-5.4840226,-0.85014385,0.0,0.0,0.0
151,0.99866956,-0.0043381173,0.008657068,0.050649073,149.82439,-5.3680325,-0.8691457,0.0,0.0,0.0
152,0.9975248,-0.0048075994,0.008496356,0.0696345,150.8176,-5.2528973,-0.8864811,0.0,0.0,0.0
153,0.9958479,-0.005873173,0.008078914,0.090483315,151.81393,-5.1719565,-0.913921,0.0,0.0,0.0
154,0.99347115,-0.008181652,0.0077810395,0.11352357,152.8076,-5.0664206,-0.9525617,0.0,0.0,0.0
155,0.98980236,-0.0074700695,0.0063575474,0.14210916,153.79028,-4.8882117,-1.0033389,0.0,0.0,0.0
156,0.9852293,-0.0029609925,0.0042626816,0.17116156,154.74825,-4.607236,-1.0612915,0.0,0.0,0.0
157,0.98138785,-0.0019460786,0.0047813794,0.19196662,155.68611,-4.260392,-1.0514832,0.0,0.0,0.0
158,0.9800701,0.0002167339,0.006088566,0.19855836,156.59271,-3.8397934,-1.0173607,0.0,0.0,0.0
159,0.97831285,-0.004687998,0.008127297,0.20692004,157.58934,-3.7576108,-1.0183419,0.0,0.0,0.0
160,0.97804785,-0.004782427,0.0063825636,0.20822771,158.50418,-3.4091008,-1.2222939,0.0,0.0,0.0
161,0.9781114,-0.0044564013,0.0068046595,0.20792292,159.4173,-3.0017197,-1.2386926,0.0,0.0,0.0
162,0.9788207,-0.0036649317,0.0074630002,0.20455071,160.3438,-2.625431,-1.239342,0.0,0.0,0.0
163,0.97940123,-0.0040469375,0.0081334645,0.20171946,159.42159,-3.011378,-1.215283,0.0,0.0,0.0
164,0.97957236,-0.004377329,0.008820347,0.20085074,158.50125,-3.4017048,-1.1902722,0.0,0.0,0.0
165,0.9794971,-0.00441261,0.009227152,0.20119849,157.58044,-3.790971,-1.1660719,0.0,0.0,0.0
166,0.9793329,-0.004388758,0.009509121,0.20198359,156.66075,-4.1828156,-1.1410097,0.0,0.0,0.0
167,0.97940004,-0.004184084,0.00973306,0.20165136,155.74033,-4.573201,-1.1209812,0.0,0.0,0.0
168,0.979996,-0.0036832662,0.010030291,0.19872993,154.81624,-4.9544754,-1.0943967,0.0,0.0,0.0
169,0.98139787,-0.0031522354,0.010485315,0.19167249,153.887,-5.322868,-1.0664532,0.0,0.0,0.0
170,0.9835682,-0.008206481,0.0122204395,0.17993575,152.972,-5.7243986,-1.026974,0.0,0.0,0.0
171,0.98623365,-0.0013911327,0.009947663,0.16505225,152.00961,-5.984593,-1.1050825,0.0,0.0,0.0
172,0.9891669,0.00074829167,0.008702121,0.14653519,151.05843,-6.287543,-1.1639448,0.0,0.0,0.0
173,0.99195886,0.001854751,0.008515344,0.12626027,150.08469,-6.5152497,-1.1609553,0.0,0.0,0.0
174,0.9941892,0.0021306507,0.008348107,0.10730145,149.11108,-6.743284,-1.1523073,0.0,0.0,0.0
175,0.9958674,0.0020603554,0.008407954,0.090406254,148.13008,-6.935894,-1.1287322,0.0,0.0,0.0
176,0.9971346,-0.009852018,0.0006979916,0.07499981,147.1856,-7.2638326,-1.1485909,0.0,0.0,0.0
177,0.99814266,-0.001519116,0.0065876064,0.060543276,146.18787,-7.331023,-1.1527148,0.0,0.0,0.0
178,0.998796,0.00062231417,0.008400771,0.048328806,145.19238,-7.4242654,-1.13497,0.0,0.0,0.0
179,0.999316,0.00093963364,0.008405302,0.036000475,144.19908,-7.5398254,-1.1322968,0.0,0.0,0.0
180,0.99971616,0.0009903588,0.008131744,0.022371335,143.20134,-7.605586,-1.1186578,0.0,0.0,0.0
181,0.99986243,-0.0013927197,0.0071657314,0.014895836,142.21423,-7.765563,-1.1226717,0.0,0.0,0.0
182,0.999876,-0.0030395035,0.006832168,0.013855254,141.21509,-7.805359,-1.1116312,0.0,0.0,0.0
183,0.9997659,-0.005379198,0.007146767,0.019703012,140.21765,-7.845852,-1.0525281,0.0,0.0,0.0
184,0.9994989,-0.0078048375,0.008031104,0.029606974,139.22807,-7.832535,-0.909125,0.0,0.0,0.0
185,0.99945426,-0.007559126,0.0077624517,0.031206442,140.2206,-7.712341,-0.9306623,0.0,0.0,0.0
186,0.99947566,-0.007933191,0.0071810493,0.030559856,141.21986,-7.681779,-0.9536419,0.0,0.0,0.0
187,0.9994925,-0.007980791,0.006662731,0.030109627,142.2181,-7.626691,-0.97579324,0.0,0.0,0.0
188,0.9994943,-0.008097997,0.006400115,0.030076055,143.21667,-7.5763893,-0.9938577,0.0,0.0,0.0
189,0.9994941,-0.008168945,0.006180335,0.030111015,144.21498,-7.5216975,-1.0134655,0.0,0.0,0.0
190,0.99950314,-0.008079248,0.006025418,0.029864766,145.2124,-7.452899,-1.0339404,0.0,0.0,0.0
191,0.9994892,-0.0080219,0.0060707903,0.03033399,146.20985,-7.3837867,-1.0510372,0.0,0.0,0.0
192,0.9994196,-0.011449447,0.0036854513,0.031869784,147.20952,-7.3680296,-1.0716585,0.0,0.0,0.0
193,0.9993846,-0.011197671,0.004009479,0.032999128,148.2074,-7.302945,-1.0751736,0.0,0.0,0.0
194,0.99938357,-0.008573452,0.005597575,0.03358055,149.20213,-7.2032475,-1.0985916,0.0,0.0,0.0
195,0.99939626,-0.0076855044,0.0059324685,0.033359755,150.19759,-7.110933,-1.1226171,0.0,0.0,0.0
196,0.99940884,-0.0073080393,0.00603258,0.033048265,151.19385,-7.0267377,-1.1417977,0.0,0.0,0.0
197,0.9993533,-0.01182661,0.007892242,0.03302834,152.19348,-7.000598,-1.1493759,0.0,0.0,0.0
198,0.99924374,-0.015919322,0.009492496,0.034182187,153.19276,-6.977541,-1.1789885,0.0,0.0,0.0
199,0.99930084,-0.008160432,0.006344816,0.035929818,154.18002,-6.8251176,-1.2249489,0.0,0.0,0.0
200,0.999303,-0.0061286297,0.0053873365,0.036426835,155.17473,-6.725672,-1.2508867,0.0,0.0,0.0
201,0.9992984,-0.005835624,0.0051694205,0.036631938,156.17192,-6.654758,-1.2744102,0.0,0.0,0.0
202,0.9992975,-0.0058630235,0.0052445545,0.03664189,157.16905,-6.5805707,-1.2894968,0.0,0.0,0.0
203,0.9993033,-0.0059400713,0.0053648967,0.03645408,158.16592,-6.501962,-1.2976848,0.0,0.0,0.0
204,0.9993118,-0.005983402,0.005481112,0.036195464,159.16264,-6.4216685,-1.3076973,0.0,0.0,0.0
205,0.99931264,-0.0060701002,0.005524541,0.03615164,160.15999,-6.3494396,-1.3176221,0.0,0.0,0.0
206,0.999265,-0.014015698,0.000712513,0.03567145,161.1599,-6.335575,-1.3186815,0.0,0.0,0.0
207,0.9991656,-0.010293027,0.0030952026,0.039403606,162.15396,-6.2269897,-1.3243247,0.0,0.0,0.0
208,0.99910617,-0.007476419,0.005011825,0.04130241,163.14845,-6.1230884,-1.3383702,0.0,0.0,0.0
209,0.9991454,-0.0064601386,0.00584657,0.04040528,164.14354,-6.024301,-1.3436824,0.0,0.0,0.0
210,0.99919075,-0.0060580187,0.006136271,0.03928666,165.14035,-5.9453764,-1.3562455,0.0,0.0,0.0
211,0.9993767,-0.005363026,0.0059272316,0.03438483,166.13701,-5.8687835,-1.3845139,0.0,0.0,0.0
212,0.99954164,-0.0049057184,0.0057946085,0.029307317,167.1342,-5.7991357,-1.4117938,0.0,0.0,0.0
213,0.9995826,-0.005033746,0.005516477,0.027908823,168.13252,-5.7495074,-1.4420329,0.0,0.0,0.0
214,0.9995919,-0.0062115756,0.0055453265,0.027325887,169.13092,-5.7003717,-1.469969,0.0,0.0,0.0
215,0.99934435,-0.019504013,0.010440329,0.028661853,170.12125,-5.8377438,-1.4894325,0.0,0.0,0.0
216,0.9994411,-0.010545477,0.006844068,0.0309749,169.24792,-5.3704734,-1.6271764,0.0,0.0,0.0
217,0.99935,-0.018261582,0.010058764,0.029409936,168.25793,-5.507009,-1.5915062,0.0,0.0,0.0
218,0.99954224,-0.008369414,0.006670354,0.02829814,167.26031,-5.439041,-1.5793836,0.0,0.0,0.0
219,0.9995703,-0.0059337444,0.0056996467,0.028133638,166.2609,-5.469865,-1.5657636,0.0,0.0,0.0
220,0.99959564,-0.005391719,0.0058243205,0.027305624,165.26201,-5.510724,-1.5419163,0.0,0.0,0.0
221,0.9997079,-0.004863268,0.006289109,0.022824641,164.26254,-5.5310273,-1.516611,0.0,0.0,0.0
222,0.99986726,-0.004099822,0.0066149877,0.014314068,163.26277,-5.5423636,-1.4982355,0.0,0.0,0.0
223,0.9999689,-0.0030708932,0.006981027,0.0020086395,162.26338,-5.5165186,-1.4744527,0.0,0.0,0.0
224,0.9998922,-0.0020641559,0.007088712,-0.012693095,161.26497,-5.4632974,-1.4559311,0.0,0.0,0.0
225,0.9995663,-0.0044167046,0.0057235383,-0.028546313,160.26552,-5.4374027,-1.4358802,0.0,0.0,0.0
226,0.99879706,-0.012077177,0.0015078534,-0.047500346,159.26591,-5.455556,-1.4574753,0.0,0.0,0.0
227,0.9978836,-0.0031088071,0.005931727,-0.064679936,158.28148,-5.2797985,-1.4560163,0.0,0.0,0.0
228,0.99742365,-0.0019109066,0.007124431,-0.071355514,157.28322,-5.222357,-1.4426916,0.0,0.0,0.0
229,0.99752825,-0.00303674,0.007526772,-0.06979617,156.28633,-5.148701,-1.4143858,0.0,0.0,0.0
230,0.998003,-0.0048556305,0.008031006,-0.06246585,155.28888,-5.1038423,-1.3590326,0.0,0.0,0.0
231,0.99854285,-0.0054613603,0.0076192524,-0.053144503,154.31042,-4.900395,-1.3944083,0.0,0.0,0.0
232,0.99933535,-0.0081061805,0.009941965,-0.034122586,153.35715,-5.129373,-1.1973587,0.0,0.0,0.0
233,0.9997683,-0.0090263365,0.0096129775,-0.017012618,152.3613,-5.0404363,-1.2165074,0.0,0.0,0.0
234,0.9997999,-0.015042712,0.012809414,-0.0031184,151.37572,-4.8741436,-1.1852562,0.0,0.0,0.0
235,0.99986875,-0.010522159,0.01076486,0.0059877713,150.38628,-4.7347217,-1.2247459,0.0,0.0,0.0
236,0.99988717,-0.005724154,0.008830084,0.010721676,149.38712,-4.693923,-1.2209386,0.0,0.0,0.0
237,0.9998747,-0.0041499776,0.008151969,0.012916749,148.38715,-4.6853504,-1.2183193,0.0,0.0,0.0
238,0.9998575,-0.003629049,0.008090309,0.014366363,147.38791,-4.714938,-1.1928266,0.0,0.0,0.0
239,0.999858,0.0045630415,0.004156538,0.015680486,146.3895,-4.659162,-1.185235,0.0,0.0,0.0
240,0.9998364,0.0038141373,0.00443263,0.017116562,145.39015,-4.694316,-1.1777862,0.0,0.0,0.0
241,0.9997802,-0.0017675414,0.008743068,0.018975021,144.41504,-4.8594337,-1.029788,0.0,0.0,0.0
242,0.9997642,-0.0029159102,0.009554345,0.019280648,143.41632,-4.9049997,-1.0078785,0.0,0.0,0.0
243,0.99976605,-0.0030309523,0.009689682,0.019098798,142.41676,-4.9283442,-0.9890057,0.0,0.0,0.0
244,0.9997639,-0.0031225167,0.009789368,0.019146487,141.41783,-4.9674964,-0.9648216,0.0,0.0,0.0
245,0.999762,-0.0032006218,0.00964012,0.019307556,142.41745,-4.9447613,-0.98046845,0.0,0.0,0.0
246,0.9997602,-0.003336201,0.009376554,0.019505814,143.41696,-4.921914,-1.001463,0.0,0.0,0.0
247,0.9997551,-0.0035221989,0.009250581,0.019792551,144.41653,-4.8998737,-1.0206146,0.0,0.0,0.0
248,0.99975264,-0.0036244073,0.00908993,0.019972168,145.41592,-4.870627,-1.0398924,0.0,0.0,0.0
249,0.9997605,-0.0021005082,0.008095602,0.020224487,146.41457,-4.825702,-1.0665264,0.0,0.0,0.0
250,0.99972314,0.0026190076,0.005157839,0.02280855,147.4091,-4.7246737,-1.0926107,0.0,0.0,0.0
251,0.9995203,-0.0052462197,0.008993924,0.029166745,148.40819,-4.7668085,-1.0855874,0.0,0.0,0.0
252,0.9991248,-0.0077392375,0.009847629,0.039908443,149.40768,-4.7390985,-1.1015239,0.0,0.0,0.0
253,0.99841106,-0.009016397,0.009710457,0.054770585,150.40627,-4.689474,-1.1207926,0.0,0.0,0.0
254,0.99728465,-0.009829418,0.00920213,0.07240184,151.40273,-4.609301,-1.1459588,0.0,0.0,0.0
255,0.99593365,-0.012307913,0.0112412665,0.08853405,152.39795,-4.514787,-1.1700399,0.0,0.0,0.0
256,0.99511033,-0.011020644,0.010156353,0.097625814,153.38214,-4.3411775,-1.2050642,0.0,0.0,0.0
257,0.9950449,-0.008059851,0.009508258,0.09864256,154.36278,-4.1465497,-1.2269077,0.0,0.0,0.0
258,0.99554694,-0.005990938,0.009148057,0.0936307,155.3421,-3.9470477,-1.2603228,0.0,0.0,0.0
259,0.996243,-0.004109555,0.0085924445,0.08607675,156.34084,-3.9880779,-1.2896119,0.0,0.0,0.0
260,0.99738747,-0.0024257333,0.00848968,0.071695514,157.3249,-3.8122115,-1.3159086,0.0,0.0,0.0
261,0.9984691,-0.0005074364,0.0068294345,0.054885995,158.30504,-3.7056909,-1.4831804,0.0,0.0,0.0
262,0.9992672,-0.0005078468,0.006327994,0.037745714,159.30319,-3.68383,-1.5398573,0.0,0.0,0.0
263,0.9996978,-0.0013517664,0.006321978,0.023717118,160.3023,-3.646333,-1.5592568,0.0,0.0,0.0
264,0.9998392,0.0012399171,0.0023831003,0.017730888,161.29959,-3.5801826,-1.5915573,0.0,0.0,0.0
265,0.99986666,2.5338915e-05,0.0042694677,0.015760774,162.29948,-3.570499,-1.6025295,0.0,0.0,0.0
266,0.99986935,-0.0011334416,0.00484052,0.0153817395,163.29929,-3.5621858,-1.6201619,0.0,0.0,0.0
267,0.99986804,-0.0021298456,0.0049495148,0.015324929,164.29907,-3.550013,-1.6368119,0.0,0.0,0.0
268,0.9998668,-0.002882103,0.004960122,0.015280523,165.29868,-3.5311446,-1.6583786,0.0,0.0,0.0
269,0.9998652,-0.0034644415,0.0047928947,0.015320516,166.29817,-3.511553,-1.6832426,0.0,0.0,0.0
270,0.9998615,-0.003975651,0.0047397166,0.015451263,167.29793,-3.4970555,-1.6995418,0.0,0.0,0.0
271,0.9998565,-0.008496074,0.0020994765,0.014506364,168.29773,-3.4950888,-1.7190893,0.0,0.0,0.0
272,0.9998875,-0.00024451004,0.007679824,0.012881303,169.2975,-3.4760332,-1.708117,0.0,0.0,0.0
273,0.9999608,-0.0009269552,0.0068249702,0.0055638445,170.29741,-3.4817367,-1.7196245,0.0,0.0,0.0
274,0.9999787,-0.002665568,0.005625427,0.0019475097,171.29707,-3.492935,-1.7429879,0.0,0.0,0.0
275,0.9999697,-0.0040995665,0.005245023,0.004034667,172.29704,-3.4923553,-1.7515352,0.0,0.0,0.0
276,0.99995923,-0.004860196,0.0051112478,0.0056369714,173.29596,-3.5368946,-1.7648596,0.0,0.0,0.0
277,0.9999552,-0.0051711192,0.005200326,0.005984651,172.2962,-3.5479722,-1.7459116,0.0,0.0,0.0
278,0.9999537,-0.005367915,0.005232066,0.0060358765,171.29642,-3.560532,-1.7292118,0.0,0.0,0.0
279,0.99995047,-0.005379473,0.0055402424,0.006275227,170.2968,-3.5770526,-1.7067894,0.0,0.0,0.0
280,0.99992394,-0.00028188937,0.009348681,0.00804128,169.29732,-3.5561073,-1.6823128,0.0,0.0,0.0
281,0.99994665,-0.007908058,0.004398438,0.0049854154,168.29753,-3.5360034,-1.6807655,0.0,0.0,0.0
282,0.99995255,-0.005683465,0.005860957,0.0053081824,167.29836,-3.5700178,-1.6586074,0.0,0.0,0.0
283,0.99995166,-0.0052334806,0.006208019,0.005547547,166.29892,-3.5985155,-1.6403735,0.0,0.0,0.0
284,0.99995255,-0.005186859,0.006383928,0.0052137002,165.29915,-3.5965545,-1.619249,0.0,0.0,0.0
285,0.99995273,-0.0052835275,0.006434674,0.005019629,164.29938,-3.598146,-1.5979564,0.0,0.0,0.0
286,0.999952,-0.005413543,0.0064748474,0.0049722074,163.29968,-3.6085134,-1.5754213,0.0,0.0,0.0
287,0.99995035,-0.005482467,0.0067188432,0.0049147685,162.30019,-3.6150973,-1.5444984,0.0,0.0,0.0
288,0.99995893,-0.0029759211,0.005360705,0.0066724513,161.30072,-3.5912848,-1.521815,0.0,0.0,0.0
289,0.9998625,-0.0064421957,0.0069593103,0.013604126,160.30394,-3.66792,-1.4984487,0.0,0.0,0.0
290,0.999604,-0.012354654,0.010060998,0.023195388,159.3115,-3.7786727,-1.4458166,0.0,0.0,0.0
291,0.99928206,-0.009714255,0.008735632,0.035561625,158.3115,-3.7825139,-1.444971,0.0,0.0,0.0
292,0.99866277,-0.008524254,0.007748179,0.05039762,157.31175,-3.7905757,-1.4660288,0.0,0.0,0.0
293,0.99755543,-0.009014268,0.0075849243,0.068879195,156.32254,-3.9352152,-1.4425135,0.0,0.0,0.0
294,0.99650383,-0.008714833,0.007431011,0.08275856,155.33673,-4.1018405,-1.4223812,0.0,0.0,0.0
295,0.9961645,-0.0072899587,0.0077903047,0.08684734,154.34796,-4.2448497,-1.3790718,0.0,0.0,0.0
296,0.99647653,-0.0054458254,0.007962691,0.08331567,153.35808,-4.3849835,-1.3566809,0.0,0.0,0.0
297,0.99717003,-0.0028430612,0.010404509,0.0744015,152.36424,-4.492846,-1.3307476,0.0,0.0,0.0
298,0.997972,-0.0016836772,0.009306551,0.06294727,151.37059,-4.600754,-1.2993138,0.0,0.0,0.0
299,0.99884355,-0.0015013,0.008247734,0.0473426,150.37479,-4.690529,-1.280892,0.0,0.0,0.0
300,0.99952507,-0.00017981393,0.00821187,0.029701956,149.37598,-4.7351737,-1.2613875,0.0,0.0,0.0
301,0.9998939,0.0008688905,0.008152034,0.0120390225,148.3761,-4.748784,-1.253772,0.0,0.0,0.0
302,0.99990034,0.0136067355,0.0012362065,-0.0035575505,147.38672,-4.6213856,-1.3236995,0.0,0.0,0.0
303,0.99975467,0.0043100435,0.0062293303,-0.020814862,146.38971,-4.693295,-1.2952058,0.0,0.0,0.0
304,0.9994302,-0.0005506938,0.008838641,-0.032570433,145.39003,-4.694052,-1.2703396,0.0,0.0,0.0
305,0.9989407,-0.0009634512,0.0090692965,-0.045103334,144.39235,-4.626721,-1.2604458,0.0,0.0,0.0
306,0.99829453,-0.0006071304,0.00865106,-0.05773009,143.39789,-4.5217094,-1.2548463,0.0,0.0,0.0
307,0.99797916,-0.0012498177,0.008125744,-0.063007556,142.40161,-4.4355206,-1.2545958,0.0,0.0,0.0
308,0.99804646,-0.002452375,0.007900797,-0.061925843,141.40533,-4.3502207,-1.2414691,0.0,0.0,0.0
309,0.99839145,-0.008827259,0.0057477895,-0.05571004,140.40573,-4.3389025,-1.215791,0.0,0.0,0.0
310,0.9988551,-0.00714416,0.006996305,-0.046780646,139.40953,-4.2525663,-1.2040539,0.0,0.0,0.0
311,0.998905,0.011879136,0.010319255,-0.044059105,138.56088,-3.724085,-1.1819285,0.0,0.0,0.0
312,0.9991468,0.0014150776,0.007637431,-0.040561948,137.57033,-3.8569312,-1.1478838,0.0,0.0,0.0
313,0.9991271,-0.0036454299,0.008500155,-0.040736705,136.57233,-3.7940872,-1.140847,0.0,0.0,0.0
314,0.99911374,-0.0052283434,0.008566826,-0.040878575,135.57349,-3.7508183,-1.1201144,0.0,0.0,0.0
315,0.99907213,-0.00515135,0.00816269,-0.041972358,136.57166,-3.8080013,-1.1393508,0.0,0.0,0.0
316,0.99904007,-0.004377026,0.0075836624,-0.0429215,137.57072,-3.8434925,-1.1642027,0.0,0.0,0.0
317,0.99920154,-0.004029885,0.006201556,-0.039263804,138.56313,-3.9468634,-1.2308066,0.0,0.0,0.0
318,0.9994514,0.010751301,0.0068932967,-0.030558506,139.56096,-3.8842208,-1.2514933,0.0,0.0,0.0
319,0.9997129,0.00025992867,0.0061713043,-0.023151048,140.53989,-4.0877295,-1.2683965,0.0,0.0,0.0
320,0.99982727,-0.009163646,0.0026811955,-0.015947452,141.52878,-4.2355695,-1.2836576,0.0,0.0,0.0
321,0.999885,-0.0067507527,0.0036683471,-0.013074594,142.5286,-4.222313,-1.2975489,0.0,0.0,0.0
322,0.99990416,-0.004874143,0.004200334,-0.012259416,143.52841,-4.2153196,-1.31531,0.0,0.0,0.0
323,0.9998919,-0.007264091,0.0062389704,-0.011161559,144.52306,-4.316856,-1.2961524,0.0,0.0,0.0
324,0.99993384,-0.00424895,0.0054375986,-0.009205984,145.5227,-4.301108,-1.3173417,0.0,0.0,0.0
325,0.999975,-0.0023997996,0.004892988,-0.004496823,146.52197,-4.267358,-1.3354294,0.0,0.0,0.0
326,0.9999876,-0.0013255167,0.0046144268,-0.0013168296,147.52174,-4.2521734,-1.35051,0.0,0.0,0.0
327,0.9999821,0.005848737,0.0007994297,-0.0009399148,148.51779,-4.169429,-1.3828117,0.0,0.0,0.0
328,0.9999891,-0.00047304615,0.0045609735,-0.000861613,149.51454,-4.249782,-1.3763665,0.0,0.0,0.0
329,0.9999835,-0.0015986906,0.0054754876,-0.0006923566,150.51414,-4.2712755,-1.3943179,0.0,0.0,0.0
330,0.999983,-0.0014272466,0.005626707,-0.0005180481,151.514,-4.2739053,-1.4107345,0.0,0.0,0.0
331,0.99998426,-0.0009350888,0.0054900674,-0.00069682056,152.5138,-4.2619777,-1.4276322,0.0,0.0,0.0
332,0.99995965,-0.0049594045,0.0073261294,-0.0015438545,153.51369,-4.2556825,-1.4403126,0.0,0.0,0.0
333,0.999982,-0.0013771903,0.005683969,0.001338903,154.51299,-4.227907,-1.4658494,0.0,0.0,0.0
334,0.99995995,-0.00043368153,0.0049922313,0.0074165063,155.51196,-4.188538,-1.4878559,0.0,0.0,0.0
335,0.99990404,-7.1751274e-05,0.0048644063,0.01296898,156.5113,-4.154526,-1.5006341,0.0,0.0,0.0
336,0.9998772,0.00028612532,0.004711124,0.0149429105,157.51082,-4.1285543,-1.5173614,0.0,0.0,0.0
337,0.9998673,0.000668307,0.004657818,0.015594452,158.51028,-4.1015105,-1.53568,0.0,0.0,0.0
338,0.99985915,0.00088061596,0.004545356,0.016132757,159.50987,-4.083786,-1.5588366,0.0,0.0,0.0
339,0.99984854,-0.0004865493,0.005058306,0.016643723,160.50972,-4.073662,-1.5729566,0.0,0.0,0.0
340,0.9998248,-0.00038088238,0.0041050194,0.018258497,161.50911,-4.0509257,-1.5991503,0.0,0.0,0.0
341,0.9997866,-0.00023317376,0.0022368676,0.020534815,162.5084,-4.0152917,-1.6112117,0.0,0.0,0.0
342,0.9997594,0.001032491,0.0038454614,0.02157161,163.5073,-3.9700263,-1.6246223,0.0,0.0,0.0
343,0.99975795,0.0014508385,0.004249194,0.021539442,164.50656,-3.9354727,-1.6410027,0.0,0.0,0.0
344,0.99978554,0.0016201905,0.005384083,0.019930707,165.49977,-3.837042,-1.5790715,0.0,0.0,0.0
345,0.9998133,0.0018447239,0.005191644,0.018519623,166.49911,-3.8093896,-1.6028495,0.0,0.0,0.0
346,0.99983317,0.0019434177,0.0051035993,0.01743,167.49872,-3.786086,-1.6185454,0.0,0.0,0.0
347,0.9998709,0.0021396042,0.0048901676,0.01515549,168.49814,-3.7576962,-1.6367182,0.0,0.0,0.0
348,0.9998864,-0.0012664477,0.0028465518,0.014749564,169.49767,-3.7834783,-1.653759,0.0,0.0,0.0
349,0.99990094,-0.002335913,0.0023800188,0.0136731975,168.4984,-3.8199553,-1.6429095,0.0,0.0,0.0
350,0.9999151,0.00039125336,0.0042354884,0.012312592,167.49889,-3.7935774,-1.6255926,0.0,0.0,0.0
351,0.99991244,0.0013578887,0.005394544,0.012006251,166.49916,-3.8017979,-1.6034874,0.0,0.0,0.0
352,0.9999117,0.0016137852,0.0059944084,0.011747304,165.49945,-3.8157735,-1.5839772,0.0,0.0,0.0
